year,month,P,Tdiff,Trl,Tvl,V,W,qv
2018,1,2281.3222871703447,-342.7804851783545,10.23567167531374,10.018040569795508,28294685.46487974,11498.482549317147,8.16264627660829
2018,2,2739.8540758742415,-111.14550136302884,9.882981156634083,9.779104487773429,33783131.09387197,13429.017857142857,7.76024197644948
2018,3,3664.547816894915,-283.4626050540337,9.914539594388339,9.645443689684948,39492447.173620455,15844.549125168236,8.252511449629004
2018,4,7897.102277182458,-834.4829203054761,10.286874497143854,9.465219620446893,45450429.14004484,19920.694444444445,7.884052897647146
2018,5,16758.985149649227,-2092.0983855548834,11.47173859710176,9.396081564294516,50994563.57086198,28538.3064516129,7.242415050329354
2018,6,22058.558489939398,-2705.355193971203,12.4728289194693,9.787176944527783,56238376.93078324,44399.444444444445,7.232495588740804
2018,7,25648.25627236421,-3022.17196831359,12.828020860911742,9.816164205517959,61665000.52793928,61208.975331753274,7.2287030730968125
2018,8,22011.499214118456,-2597.080213344836,12.280510596516496,9.706048240570853,67218267.72208649,80398.6559139785,7.423103045716236
2018,9,9833.285090254929,-1038.3859803521827,10.95067525089341,9.917186495296237,72960788.74544626,91658.88888888889,8.31679101387802
2018,10,4053.7716191362333,-287.090344460013,10.24533657418597,9.965939878127545,79195136.4079042,96579.98379253066,8.362751036349295
2018,11,2653.416556563256,-27.631005461788032,9.54077520718232,9.53902912970781,85623996.05170158,99181.4017355199,8.383222059156456
2018,12,1923.1276445589006,-25.99166533822818,10.606093051707811,10.57626553116122,91728371.69595395,101147.98387096774,8.286730461798834
2019,1,2165.470082598496,-22.573096794710242,8.97959217152483,8.958489575228313,97975272.44182973,102924.7311827957,8.245370193206929
2019,2,1612.135690858446,-22.889574638446863,11.79567181555818,11.791207374185396,103985807.36119244,104364.88095238095,8.815792299003206
2019,3,2146.2575844493963,-63.91902071506019,8.983232519240266,8.923889777392343,110049713.38722445,105925.30282637954,8.531002178783286
2019,4,3935.8735589250678,-311.6039667803842,9.305139140987126,8.989213092282226,116264203.6714481,108028.88888888889,8.496605080029118
2019,5,3034.235904921037,-174.91869392369426,8.823168403025814,8.656312057672078,122312462.04634285,110936.82795698925,8.067654770593172
2019,6,16138.715343703425,-1854.3716666750656,10.353674989956605,8.505836501837404,128105392.97948402,117178.88363677292,7.728617218794299
2019,7,16921.23098886154,-1923.7681688532225,10.83901114228991,8.91921409283471,133766782.28528659,129355.5960675779,7.766587179280163
2019,8,11718.846352382756,-1283.9181986648543,10.057972447290673,8.789619233394344,139491484.99533483,140761.43293172662,7.704285765908213
2019,9,5644.04306799445,-472.21137831422027,11.672584636844409,11.202095873866025,145351423.44846964,147854.86111111112,8.506615455512634
2019,10,3028.3908453088698,-51.80141370346567,9.610234403336221,9.561836307356574,151731571.36210236,150544.966442953,8.878315217723923
2019,11,4273.630789463435,-26.486036239218887,9.262765024431868,9.248767425322669,158096429.5667219,153528.33333333334,8.590043460992531
2019,12,2329.4578660814586,-25.438902654485613,9.980845873404618,9.982277273444975,164385027.40685722,156186.3376362304,8.710792823397965
2020,1,1346.4119611458027,-17.578271977082746,12.859119466409556,12.841821258674353,170865727.08948177,157336.82795698923,8.796543671224645
2020,2,1583.9424832579941,-22.296403317565225,11.19258765147244,11.171435969088547,177163117.24875256,158450.7183908046,8.906776930781465
2020,3,1399.2008763888,-58.530200058140984,10.929776754031021,10.881879838116173,183377621.89386022,159668.23687752357,8.478077169242015
2020,4,3538.79403803023,-276.3890542541673,11.130671328658378,10.858925151669258,189558394.91356882,161369.02777777778,8.546893121994293
2020,5,5783.932231874828,-603.035821206836,12.591006320613536,11.991217784542544,195797999.8083025,164281.4516129032,8.491801130300676
2020,6,11614.359208178834,-1715.61737627535,11.621838911820168,9.893556655270897,201688232.27426693,170530.95186208648,6.342649114405393
2020,7,14989.248287969702,-2328.331463052173,13.363642286708902,11.044656981144687,206193132.9163223,181063.5752688172,5.68737659724477
2020,8,16265.196811236234,-2417.9809492394575,13.461481424367417,11.027776926749993,210419524.68135706,193361.1559139785,5.753716203301225
2020,9,5994.825141734477,-785.6655761095172,9.513633808956364,8.70505833026907,215084247.62978142,201667.22222222222,6.920764202049217
2020,10,2533.528975839757,-228.97602541950158,8.799072223167745,8.557304272549404,220338657.7852349,204265.36912751678,7.30840866353802
2020,11,2851.478361223677,-166.7234156800243,9.335787226736425,9.18858732651884,225597835.6692818,206577.91666666666,7.236018738760911
2020,12,2420.553410457448,-46.69161695200952,9.294344590772297,9.275582499089701,231011979.29887185,208384.811827957,7.567181428385216
2021,1,2849.536627057314,-28.24330988967605,9.37084471189206,9.356194368243166,236688180.07421732,210403.09139784946,7.867014989689031
2021,2,3377.178366330788,-91.953122967083,9.361471431065931,9.268750141145325,242908808.47238487,212640.02976190476,9.440153072456983
2021,3,3558.122523873813,-160.8784710238141,9.49527735993916,9.34319246700079,249730823.9481058,214901.07671601616,9.626555023571552
2021,4,3914.4819763971163,-271.5071680249658,9.674525612988031,9.41815970779833,256808170.27550092,217789.02777777778,9.65205888239445
2021,5,5743.309170925358,-539.2506235558068,9.816453403272325,9.292416959114803,263749271.89978847,221248.9247311828,9.388859810679064
2021,6,18332.885383242818,-1898.1183683912473,11.221482660478404,9.31064845719383,270340199.1552823,230128.33333333334,8.588834405570221
2021,7,18279.183217542544,-2016.3257199502632,10.835617884165508,8.81889623576415,276553433.7233386,243796.63978494622,8.279838019544842
2021,8,19468.055834487768,-2041.1684244518394,7.178930973955582,5.128785121005857,282833501.0664551,258387.63440860214,8.717630770748537
2021,9,13890.044341044573,-1366.2994684860614,6.323206160951789,4.927985215869938,289348649.9931694,271698.05555555556,9.22970954800669
2021,10,1974.6600286060072,638.0945553544507,8.406274935717136,9.034194541459767,296147141.6063373,276378.5234899329,6.676482566850509
2021,11,21.910879629629626,485.3805038116462,15.165416666666667,15.709907407407407,297753176.25,276900.0,0.004212962962962963
2021,12,6.980286738351254,-938.5707278157832,18.07217741935484,17.148992076078642,297756010.3494624,276900.0,0.0014426523297491032
2022,1,14.92271505376344,-1244.0796395997277,16.400884856630825,15.175022401433692,297758001.2096774,276900.0,0.0035439068100358417
2022,2,0.0,409.44419227188087,14.077281746031744,14.512847222222222,297759000.0,276900.0,0.0
2022,3,3.912068192014356,792.9960064228571,16.140791834903546,16.96265141318977,297759413.8627187,276900.0,0.0006437864513234632
2022,4,0.0,768.2070118822811,16.934189814814815,17.72087962962963,297759600.0,276900.0,0.0
2022,5,0.08400537634408602,873.5491620464533,21.078606630824375,21.982672396915756,297759736.02150536,276900.0,0.00023521505376344074
2022,6,16007.629397637926,-1517.9156988064497,6.901921044198057,5.392488681706568,301031937.81196034,282101.52777777775,9.02273806136507
2022,7,21291.47915134049,-2118.214436949261,6.997469374689312,4.8619848617399,307860767.4488807,294936.0215053763,9.145052564937762
2022,8,28121.995393615034,-2853.5222944877073,8.097580698747871,5.23377307411022,314461576.85524297,316577.9569892473,8.745043564962208
2022,9,11410.605357124592,-1130.1579927264347,6.051377843086988,4.9190510367326805,321195600.26637465,330915.1388888889,9.532494468692041
2022,10,3131.5644918766275,-216.4135768511387,4.886532438478747,4.678501118568232,328726595.5704698,334840.80536912754,10.35378223407308
2022,11,2586.9386574074074,-139.28609712047214,4.920023148148148,4.7877777777777775,336397751.25,337394.1666666667,10.38756404320988
2022,12,1131.7249103942652,-36.043458781362006,4.9430555555555555,4.919668458781362,344208296.50537634,338675.0,10.522486176781662
2023,1,1066.2791218637992,-573.1291378617373,7.596550179211469,7.049899193548387,351334986.6891416,339468.01075268816,8.845419213789922
2023,2,1335.797371031746,-1934.8090159674982,12.900830853174604,10.998375496031745,356908139.5833333,340255.95238095237,5.635536986161988
2023,3,2988.019291161956,-617.6048676536564,7.718741588156123,7.103555406011664,362579649.12516826,341544.81830417225,9.208470165993722
2023,4,9338.31712962963,-586.2652777777778,5.678634259259259,5.007916666666667,370114735.7303521,346812.0833333333,11.380371449387175
2023,5,6862.919696368764,-551.5819014659138,6.448084677419355,5.905264336917562,377653556.5860215,351956.72043010755,10.1866935483871
2023,6,18381.560057467606,-1761.0909062966355,7.808667394905542,6.040567807394486,385016194.1559829,361385.69444444444,8.969751553455106
2023,7,16288.811953576464,-1662.283169822242,6.890725965695618,5.220703729237419,391703963.73384744,374847.45743727597,9.236899375220549
2023,8,17943.06391025275,-1641.0554362036546,5.95377100212845,4.3031250000000005,399008511.4724345,386301.213036471,9.187681013066454
2023,9,17344.255504910194,-1346.0276581948206,6.90900462962963,5.536956018518518,406174685.6105572,400240.22459191456,9.557240078500731
2023,10,6406.89426937703,-491.06946718300446,7.435334328542328,6.911677283585486,414246153.4228188,409518.92617449665,11.307098173648077
2023,11,7391.82048302974,-531.041421080673,7.5179058313632785,6.9599646892655365,422811643.4141293,414586.80555555556,11.946673903705292
2023,12,4119.7368979724215,-291.7768467707079,7.286589893010406,6.9737159905506685,431129057.92570066,418778.7634408602,10.823900945379567
