ts_local,value,meter,measurement,description
2018-01-01 00:00:00,-100.97155602922211,H1.Z15,I1,I1 물리적이상 최악: min=-446.6A
2018-01-01 01:00:00,-78.76107173363356,H1.Z15,I1,I1 물리적이상 최악: min=-446.6A
2018-01-01 02:00:00,-129.6871067629922,H1.Z15,I1,I1 물리적이상 최악: min=-446.6A
2018-01-01 03:00:00,-99.46004048850776,H1.Z15,I1,I1 물리적이상 최악: min=-446.6A
2018-01-01 04:00:00,-113.0921017561168,H1.Z15,I1,I1 물리적이상 최악: min=-446.6A
2018-01-01 05:00:00,-130.73720017263616,H1.Z15,I1,I1 물리적이상 최악: min=-446.6A
2018-01-01 06:00:00,-131.74941353832097,H1.Z15,I1,I1 물리적이상 최악: min=-446.6A
2018-01-01 07:00:00,-130.6510556466802,H1.Z15,I1,I1 물리적이상 최악: min=-446.6A
2018-01-01 08:00:00,-131.39202528874398,H1.Z15,I1,I1 물리적이상 최악: min=-446.6A
2018-01-01 09:00:00,-132.7512933222456,H1.Z15,I1,I1 물리적이상 최악: min=-446.6A
2018-01-01 10:00:00,-131.7887927107837,H1.Z15,I1,I1 물리적이상 최악: min=-446.6A
2018-01-01 11:00:00,-129.0623611132308,H1.Z15,I1,I1 물리적이상 최악: min=-446.6A
2018-01-01 12:00:00,-109.46903849221113,H1.Z15,I1,I1 물리적이상 최악: min=-446.6A
2018-01-01 13:00:00,-131.95896268232792,H1.Z15,I1,I1 물리적이상 최악: min=-446.6A
2018-01-01 14:00:00,-130.795507604921,H1.Z15,I1,I1 물리적이상 최악: min=-446.6A
2018-01-01 15:00:00,-131.65682527330247,H1.Z15,I1,I1 물리적이상 최악: min=-446.6A
2018-01-01 16:00:00,-131.77186105710115,H1.Z15,I1,I1 물리적이상 최악: min=-446.6A
2018-01-01 17:00:00,-129.6563006973269,H1.Z15,I1,I1 물리적이상 최악: min=-446.6A
2018-01-01 18:00:00,-128.73789848327547,H1.Z15,I1,I1 물리적이상 최악: min=-446.6A
2018-01-01 19:00:00,-128.00382040330678,H1.Z15,I1,I1 물리적이상 최악: min=-446.6A
2018-01-01 20:00:00,-128.7894382027284,H1.Z15,I1,I1 물리적이상 최악: min=-446.6A
2018-01-01 21:00:00,-79.12787572090647,H1.Z15,I1,I1 물리적이상 최악: min=-446.6A
2018-01-01 22:00:00,-64.68885674419178,H1.Z15,I1,I1 물리적이상 최악: min=-446.6A
2018-01-01 23:00:00,-51.18135640980123,H1.Z15,I1,I1 물리적이상 최악: min=-446.6A
2022-07-19 00:00:00,193.50570430691192,H1.Z17,I1,I1 통계적이상 최악: max=429.1A
2022-07-19 01:00:00,185.55934715271,H1.Z17,I1,I1 통계적이상 최악: max=429.1A
2022-07-19 02:00:00,186.3320860603528,H1.Z17,I1,I1 통계적이상 최악: max=429.1A
2022-07-19 03:00:00,187.8745919012426,H1.Z17,I1,I1 통계적이상 최악: max=429.1A
2022-07-19 04:00:00,184.35967553502852,H1.Z17,I1,I1 통계적이상 최악: max=429.1A
2022-07-19 05:00:00,179.60142523120322,H1.Z17,I1,I1 통계적이상 최악: max=429.1A
2022-07-19 06:00:00,182.8577439468105,H1.Z17,I1,I1 통계적이상 최악: max=429.1A
2022-07-19 07:00:00,313.51000804331125,H1.Z17,I1,I1 통계적이상 최악: max=429.1A
2022-07-19 08:00:00,281.5507268269859,H1.Z17,I1,I1 통계적이상 최악: max=429.1A
2022-07-19 09:00:00,321.33252980550134,H1.Z17,I1,I1 통계적이상 최악: max=429.1A
2022-07-19 10:00:00,374.3944238117174,H1.Z17,I1,I1 통계적이상 최악: max=429.1A
2022-07-19 11:00:00,401.7005648973252,H1.Z17,I1,I1 통계적이상 최악: max=429.1A
2022-07-19 12:00:00,426.5048445468482,H1.Z17,I1,I1 통계적이상 최악: max=429.1A
2022-07-19 13:00:00,397.8930134752064,H1.Z17,I1,I1 통계적이상 최악: max=429.1A
2022-07-19 14:00:00,306.1325164794922,H1.Z17,I1,I1 통계적이상 최악: max=429.1A
2022-07-19 15:00:00,316.6746638319228,H1.Z17,I1,I1 통계적이상 최악: max=429.1A
2022-07-19 16:00:00,312.5315003289119,H1.Z17,I1,I1 통계적이상 최악: max=429.1A
2022-07-19 17:00:00,312.05013834635423,H1.Z17,I1,I1 통계적이상 최악: max=429.1A
2022-07-19 18:00:00,300.49166166517455,H1.Z17,I1,I1 통계적이상 최악: max=429.1A
2022-07-19 19:00:00,288.5708835177954,H1.Z17,I1,I1 통계적이상 최악: max=429.1A
2022-07-19 20:00:00,298.1437451341419,H1.Z17,I1,I1 통계적이상 최악: max=429.1A
2022-07-19 21:00:00,250.7220496453178,H1.Z17,I1,I1 통계적이상 최악: max=429.1A
2022-07-19 22:00:00,196.99386311119667,H1.Z17,I1,I1 통계적이상 최악: max=429.1A
2022-07-19 23:00:00,189.57568849351685,H1.Z17,I1,I1 통계적이상 최악: max=429.1A
2018-01-01 00:00:00,118.31640746696748,H1.Z15,I2,I2 물리적이상 최악: min=-444.2A
2018-01-01 01:00:00,107.19597430758972,H1.Z15,I2,I2 물리적이상 최악: min=-444.2A
2018-01-01 02:00:00,132.74971661037927,H1.Z15,I2,I2 물리적이상 최악: min=-444.2A
2018-01-01 03:00:00,117.2385060151417,H1.Z15,I2,I2 물리적이상 최악: min=-444.2A
2018-01-01 04:00:00,124.3943259622284,H1.Z15,I2,I2 물리적이상 최악: min=-444.2A
2018-01-01 05:00:00,133.97442669066,H1.Z15,I2,I2 물리적이상 최악: min=-444.2A
2018-01-01 06:00:00,134.03470539932763,H1.Z15,I2,I2 물리적이상 최악: min=-444.2A
2018-01-01 07:00:00,133.5492784963605,H1.Z15,I2,I2 물리적이상 최악: min=-444.2A
2018-01-01 08:00:00,129.94032696408578,H1.Z15,I2,I2 물리적이상 최악: min=-444.2A
2018-01-01 09:00:00,133.71865458170592,H1.Z15,I2,I2 물리적이상 최악: min=-444.2A
2018-01-01 10:00:00,135.29597886838303,H1.Z15,I2,I2 물리적이상 최악: min=-444.2A
2018-01-01 11:00:00,134.91944450378364,H1.Z15,I2,I2 물리적이상 최악: min=-444.2A
2018-01-01 12:00:00,121.77548388148794,H1.Z15,I2,I2 물리적이상 최악: min=-444.2A
2018-01-01 13:00:00,134.78539422952068,H1.Z15,I2,I2 물리적이상 최악: min=-444.2A
2018-01-01 14:00:00,136.79077027090273,H1.Z15,I2,I2 물리적이상 최악: min=-444.2A
2018-01-01 15:00:00,135.9427104187005,H1.Z15,I2,I2 물리적이상 최악: min=-444.2A
2018-01-01 16:00:00,135.32397899404887,H1.Z15,I2,I2 물리적이상 최악: min=-444.2A
2018-01-01 17:00:00,135.64272083282512,H1.Z15,I2,I2 물리적이상 최악: min=-444.2A
2018-01-01 18:00:00,137.00354464213072,H1.Z15,I2,I2 물리적이상 최악: min=-444.2A
2018-01-01 19:00:00,134.6555798251769,H1.Z15,I2,I2 물리적이상 최악: min=-444.2A
2018-01-01 20:00:00,134.67151344674184,H1.Z15,I2,I2 물리적이상 최악: min=-444.2A
2018-01-01 21:00:00,108.41073759257408,H1.Z15,I2,I2 물리적이상 최악: min=-444.2A
2018-01-01 22:00:00,100.47889444790724,H1.Z15,I2,I2 물리적이상 최악: min=-444.2A
2018-01-01 23:00:00,93.8247865658644,H1.Z15,I2,I2 물리적이상 최악: min=-444.2A
2022-07-19 00:00:00,191.8348885537945,H1.Z17,I2,I2 통계적이상 최악: max=422.6A
2022-07-19 01:00:00,183.62934407552044,H1.Z17,I2,I2 통계적이상 최악: max=422.6A
2022-07-19 02:00:00,184.92082923106744,H1.Z17,I2,I2 통계적이상 최악: max=422.6A
2022-07-19 03:00:00,183.96671997417812,H1.Z17,I2,I2 통계적이상 최악: max=422.6A
2022-07-19 04:00:00,183.0696557068625,H1.Z17,I2,I2 통계적이상 최악: max=422.6A
2022-07-19 05:00:00,181.0907222172572,H1.Z17,I2,I2 통계적이상 최악: max=422.6A
2022-07-19 06:00:00,181.62860788119133,H1.Z17,I2,I2 통계적이상 최악: max=422.6A
2022-07-19 07:00:00,316.5862060406567,H1.Z17,I2,I2 통계적이상 최악: max=422.6A
2022-07-19 08:00:00,283.24079681396444,H1.Z17,I2,I2 통계적이상 최악: max=422.6A
2022-07-19 09:00:00,319.96427042643273,H1.Z17,I2,I2 통계적이상 최악: max=422.6A
2022-07-19 10:00:00,370.2004983454877,H1.Z17,I2,I2 통계적이상 최악: max=422.6A
2022-07-19 11:00:00,396.9465403578016,H1.Z17,I2,I2 통계적이상 최악: max=422.6A
2022-07-19 12:00:00,422.631229909261,H1.Z17,I2,I2 통계적이상 최악: max=422.6A
2022-07-19 13:00:00,394.01763551500113,H1.Z17,I2,I2 통계적이상 최악: max=422.6A
2022-07-19 14:00:00,302.6049614122178,H1.Z17,I2,I2 통계적이상 최악: max=422.6A
2022-07-19 15:00:00,309.48764509412985,H1.Z17,I2,I2 통계적이상 최악: max=422.6A
2022-07-19 16:00:00,303.8313791063096,H1.Z17,I2,I2 통계적이상 최악: max=422.6A
2022-07-19 17:00:00,302.6946685282399,H1.Z17,I2,I2 통계적이상 최악: max=422.6A
2022-07-19 18:00:00,295.36648379855666,H1.Z17,I2,I2 통계적이상 최악: max=422.6A
2022-07-19 19:00:00,282.3904457939996,H1.Z17,I2,I2 통계적이상 최악: max=422.6A
2022-07-19 20:00:00,290.75860397338863,H1.Z17,I2,I2 통계적이상 최악: max=422.6A
2022-07-19 21:00:00,246.97239217970107,H1.Z17,I2,I2 통계적이상 최악: max=422.6A
2022-07-19 22:00:00,193.2012373367708,H1.Z17,I2,I2 통계적이상 최악: max=422.6A
2022-07-19 23:00:00,186.72228298611137,H1.Z17,I2,I2 통계적이상 최악: max=422.6A
2018-01-01 00:00:00,-27.32425038737997,H1.Z15,I3,I3 물리적이상 최악: max=-11.6A (전기간 음수)
2018-01-01 01:00:00,-34.223680672380695,H1.Z15,I3,I3 물리적이상 최악: max=-11.6A (전기간 음수)
2018-01-01 02:00:00,-17.164241686132183,H1.Z15,I3,I3 물리적이상 최악: max=-11.6A (전기간 음수)
2018-01-01 03:00:00,-27.20516963137527,H1.Z15,I3,I3 물리적이상 최악: max=-11.6A (전기간 음수)
2018-01-01 04:00:00,-23.13437710357023,H1.Z15,I3,I3 물리적이상 최악: max=-11.6A (전기간 음수)
2018-01-01 05:00:00,-17.33255349487682,H1.Z15,I3,I3 물리적이상 최악: max=-11.6A (전기간 음수)
2018-01-01 06:00:00,-16.95925789918313,H1.Z15,I3,I3 물리적이상 최악: max=-11.6A (전기간 음수)
2018-01-01 07:00:00,-17.74855850168571,H1.Z15,I3,I3 물리적이상 최악: max=-11.6A (전기간 음수)
2018-01-01 08:00:00,-11.573038835833668,H1.Z15,I3,I3 물리적이상 최악: max=-11.6A (전기간 음수)
2018-01-01 09:00:00,-16.236031284332306,H1.Z15,I3,I3 물리적이상 최악: max=-11.6A (전기간 음수)
2018-01-01 10:00:00,-19.017412400469333,H1.Z15,I3,I3 물리적이상 최악: max=-11.6A (전기간 음수)
2018-01-01 11:00:00,-20.35991630713152,H1.Z15,I3,I3 물리적이상 최악: max=-11.6A (전기간 음수)
2018-01-01 12:00:00,-23.91480013464964,H1.Z15,I3,I3 물리적이상 최악: max=-11.6A (전기간 음수)
2018-01-01 13:00:00,-18.12438734851188,H1.Z15,I3,I3 물리적이상 최악: max=-11.6A (전기간 음수)
2018-01-01 14:00:00,-20.76068145973097,H1.Z15,I3,I3 물리적이상 최악: max=-11.6A (전기간 음수)
2018-01-01 15:00:00,-19.15574948337338,H1.Z15,I3,I3 물리적이상 최악: max=-11.6A (전기간 음수)
2018-01-01 16:00:00,-19.17624796925295,H1.Z15,I3,I3 물리적이상 최악: max=-11.6A (전기간 음수)
2018-01-01 17:00:00,-20.42636863231659,H1.Z15,I3,I3 물리적이상 최악: max=-11.6A (전기간 음수)
2018-01-01 18:00:00,-22.82475101550416,H1.Z15,I3,I3 물리적이상 최악: max=-11.6A (전기간 음수)
2018-01-01 19:00:00,-20.92712055258657,H1.Z15,I3,I3 물리적이상 최악: max=-11.6A (전기간 음수)
2018-01-01 20:00:00,-19.49685401156875,H1.Z15,I3,I3 물리적이상 최악: max=-11.6A (전기간 음수)
2018-01-01 21:00:00,-34.428776994507324,H1.Z15,I3,I3 물리적이상 최악: max=-11.6A (전기간 음수)
2018-01-01 22:00:00,-39.45722029673248,H1.Z15,I3,I3 물리적이상 최악: max=-11.6A (전기간 음수)
2018-01-01 23:00:00,-42.87313589598828,H1.Z15,I3,I3 물리적이상 최악: max=-11.6A (전기간 음수)
2022-07-19 00:00:00,187.91420749963143,H1.Z17,I3,I3 통계적이상 최악: max=416.6A
2022-07-19 01:00:00,179.38120839436826,H1.Z17,I3,I3 통계적이상 최악: max=416.6A
2022-07-19 02:00:00,180.7049491852984,H1.Z17,I3,I3 통계적이상 최악: max=416.6A
2022-07-19 03:00:00,179.184309732626,H1.Z17,I3,I3 통계적이상 최악: max=416.6A
2022-07-19 04:00:00,178.99389392798105,H1.Z17,I3,I3 통계적이상 최악: max=416.6A
2022-07-19 05:00:00,176.20876506553734,H1.Z17,I3,I3 통계적이상 최악: max=416.6A
2022-07-19 06:00:00,176.31816908208617,H1.Z17,I3,I3 통계적이상 최악: max=416.6A
2022-07-19 07:00:00,312.7877002672219,H1.Z17,I3,I3 통계적이상 최악: max=416.6A
2022-07-19 08:00:00,276.6745964558915,H1.Z17,I3,I3 통계적이상 최악: max=416.6A
2022-07-19 09:00:00,315.26168080647744,H1.Z17,I3,I3 통계적이상 최악: max=416.6A
2022-07-19 10:00:00,361.8933681824385,H1.Z17,I3,I3 통계적이상 최악: max=416.6A
2022-07-19 11:00:00,389.6928401692709,H1.Z17,I3,I3 통계적이상 최악: max=416.6A
2022-07-19 12:00:00,416.648853352864,H1.Z17,I3,I3 통계적이상 최악: max=416.6A
2022-07-19 13:00:00,387.56156726413326,H1.Z17,I3,I3 통계적이상 최악: max=416.6A
2022-07-19 14:00:00,293.85436023288287,H1.Z17,I3,I3 통계적이상 최악: max=416.6A
2022-07-19 15:00:00,303.139547780355,H1.Z17,I3,I3 통계적이상 최악: max=416.6A
2022-07-19 16:00:00,299.3544364420577,H1.Z17,I3,I3 통계적이상 최악: max=416.6A
2022-07-19 17:00:00,298.4063164265954,H1.Z17,I3,I3 통계적이상 최악: max=416.6A
2022-07-19 18:00:00,291.8205438062876,H1.Z17,I3,I3 통계적이상 최악: max=416.6A
2022-07-19 19:00:00,278.7465799797908,H1.Z17,I3,I3 통계적이상 최악: max=416.6A
2022-07-19 20:00:00,286.77236399332685,H1.Z17,I3,I3 통계적이상 최악: max=416.6A
2022-07-19 21:00:00,242.28075705634237,H1.Z17,I3,I3 통계적이상 최악: max=416.6A
2022-07-19 22:00:00,189.2467308008958,H1.Z17,I3,I3 통계적이상 최악: max=416.6A
2022-07-19 23:00:00,182.77234351264048,H1.Z17,I3,I3 통계적이상 최악: max=416.6A
2018-01-01 00:00:00,-66105.48236694481,H1.Z15,P,P 물리적이상 최악: min=-137383W
2018-01-01 01:00:00,-51740.13600531685,H1.Z15,P,P 물리적이상 최악: min=-137383W
2018-01-01 02:00:00,-85444.5505750868,H1.Z15,P,P 물리적이상 최악: min=-137383W
2018-01-01 03:00:00,-65286.78352864584,H1.Z15,P,P 물리적이상 최악: min=-137383W
2018-01-01 04:00:00,-76141.65925022964,H1.Z15,P,P 물리적이상 최악: min=-137383W
2018-01-01 05:00:00,-86445.3010918512,H1.Z15,P,P 물리적이상 최악: min=-137383W
2018-01-01 06:00:00,-86848.90966060331,H1.Z15,P,P 물리적이상 최악: min=-137383W
2018-01-01 07:00:00,-86942.45079212301,H1.Z15,P,P 물리적이상 최악: min=-137383W
2018-01-01 08:00:00,-87690.13525923964,H1.Z15,P,P 물리적이상 최악: min=-137383W
2018-01-01 09:00:00,-86862.11367838542,H1.Z15,P,P 물리적이상 최악: min=-137383W
2018-01-01 10:00:00,-87129.50777811906,H1.Z15,P,P 물리적이상 최악: min=-137383W
2018-01-01 11:00:00,-85024.79260091145,H1.Z15,P,P 물리적이상 최악: min=-137383W
2018-01-01 12:00:00,-72945.95670468091,H1.Z15,P,P 물리적이상 최악: min=-137383W
2018-01-01 13:00:00,-87392.02128196176,H1.Z15,P,P 물리적이상 최악: min=-137383W
2018-01-01 14:00:00,-87281.09238032218,H1.Z15,P,P 물리적이상 최악: min=-137383W
2018-01-01 15:00:00,-87282.63901909722,H1.Z15,P,P 물리적이상 최악: min=-137383W
2018-01-01 16:00:00,-87900.00771157113,H1.Z15,P,P 물리적이상 최악: min=-137383W
2018-01-01 17:00:00,-86234.53948567709,H1.Z15,P,P 물리적이상 최악: min=-137383W
2018-01-01 18:00:00,-85836.44707682291,H1.Z15,P,P 물리적이상 최악: min=-137383W
2018-01-01 19:00:00,-85961.17475610269,H1.Z15,P,P 물리적이상 최악: min=-137383W
2018-01-01 20:00:00,-87215.97000425214,H1.Z15,P,P 물리적이상 최악: min=-137383W
2018-01-01 21:00:00,-52726.74504109527,H1.Z15,P,P 물리적이상 최악: min=-137383W
2018-01-01 22:00:00,-43880.50523832152,H1.Z15,P,P 물리적이상 최악: min=-137383W
2018-01-01 23:00:00,-34728.754839015266,H1.Z15,P,P 물리적이상 최악: min=-137383W
2022-07-20 00:00:00,105864.52137741027,H1.Z17,P,P 통계적이상 최악: max=251694W
2022-07-20 01:00:00,104980.0482320103,H1.Z17,P,P 통계적이상 최악: max=251694W
2022-07-20 02:00:00,103015.8923859127,H1.Z17,P,P 통계적이상 최악: max=251694W
2022-07-20 03:00:00,101942.90498865784,H1.Z17,P,P 통계적이상 최악: max=251694W
2022-07-20 04:00:00,124530.71076171874,H1.Z17,P,P 통계적이상 최악: max=251694W
2022-07-20 05:00:00,99202.09951388888,H1.Z17,P,P 통계적이상 최악: max=251694W
2022-07-20 06:00:00,97664.87597222225,H1.Z17,P,P 통계적이상 최악: max=251694W
2022-07-20 07:00:00,169845.11683159723,H1.Z17,P,P 통계적이상 최악: max=251694W
2022-07-20 08:00:00,180093.31639480343,H1.Z17,P,P 통계적이상 최악: max=251694W
2022-07-20 09:00:00,209157.86762152775,H1.Z17,P,P 통계적이상 최악: max=251694W
2022-07-20 10:00:00,231600.49609375,H1.Z17,P,P 통계적이상 최악: max=251694W
2022-07-20 11:00:00,251220.9717492816,H1.Z17,P,P 통계적이상 최악: max=251694W
2022-07-20 12:00:00,220390.8399501568,H1.Z17,P,P 통계적이상 최악: max=251694W
2022-07-20 13:00:00,179379.33402777778,H1.Z17,P,P 통계적이상 최악: max=251694W
2022-07-20 14:00:00,171328.79216954022,H1.Z17,P,P 통계적이상 최악: max=251694W
2022-07-20 15:00:00,148019.97783564814,H1.Z17,P,P 통계적이상 최악: max=251694W
2022-07-20 16:00:00,145480.36961805556,H1.Z17,P,P 통계적이상 최악: max=251694W
2022-07-20 17:00:00,134512.367578125,H1.Z17,P,P 통계적이상 최악: max=251694W
2022-07-20 18:00:00,128458.62256213983,H1.Z17,P,P 통계적이상 최악: max=251694W
2022-07-20 19:00:00,127943.232156278,H1.Z17,P,P 통계적이상 최악: max=251694W
2022-07-20 20:00:00,135313.39531788795,H1.Z17,P,P 통계적이상 최악: max=251694W
2022-07-20 21:00:00,107169.25899584572,H1.Z17,P,P 통계적이상 최악: max=251694W
2022-07-20 22:00:00,84240.77930749155,H1.Z17,P,P 통계적이상 최악: max=251694W
2022-07-20 23:00:00,75458.41118367197,H1.Z17,P,P 통계적이상 최악: max=251694W
2018-01-01 00:00:00,-23001.902981064708,H1.Z15,P1,P1 물리적이상 최악: min=-45087W
2018-01-01 01:00:00,-18030.25160793728,H1.Z15,P1,P1 물리적이상 최악: min=-45087W
2018-01-01 02:00:00,-29528.9956366645,H1.Z15,P1,P1 물리적이상 최악: min=-45087W
2018-01-01 03:00:00,-22707.60649532741,H1.Z15,P1,P1 물리적이상 최악: min=-45087W
2018-01-01 04:00:00,-26419.7517587675,H1.Z15,P1,P1 물리적이상 최악: min=-45087W
2018-01-01 05:00:00,-29800.046879966325,H1.Z15,P1,P1 물리적이상 최악: min=-45087W
2018-01-01 06:00:00,-30020.619497957,H1.Z15,P1,P1 물리적이상 최악: min=-45087W
2018-01-01 07:00:00,-30146.744242694487,H1.Z15,P1,P1 물리적이상 최악: min=-45087W
2018-01-01 08:00:00,-30098.031869780876,H1.Z15,P1,P1 물리적이상 최악: min=-45087W
2018-01-01 09:00:00,-29970.4183203125,H1.Z15,P1,P1 물리적이상 최악: min=-45087W
2018-01-01 10:00:00,-30142.12635870442,H1.Z15,P1,P1 물리적이상 최악: min=-45087W
2018-01-01 11:00:00,-29279.931407877604,H1.Z15,P1,P1 물리적이상 최악: min=-45087W
2018-01-01 12:00:00,-25199.895315390317,H1.Z15,P1,P1 물리적이상 최악: min=-45087W
2018-01-01 13:00:00,-30157.341060279272,H1.Z15,P1,P1 물리적이상 최악: min=-45087W
2018-01-01 14:00:00,-30043.53325036215,H1.Z15,P1,P1 물리적이상 최악: min=-45087W
2018-01-01 15:00:00,-29970.868309461806,H1.Z15,P1,P1 물리적이상 최악: min=-45087W
2018-01-01 16:00:00,-30327.90561125923,H1.Z15,P1,P1 물리적이상 최악: min=-45087W
2018-01-01 17:00:00,-29578.475146484376,H1.Z15,P1,P1 물리적이상 최악: min=-45087W
2018-01-01 18:00:00,-29461.676904296877,H1.Z15,P1,P1 물리적이상 최악: min=-45087W
2018-01-01 19:00:00,-29457.165467905677,H1.Z15,P1,P1 물리적이상 최악: min=-45087W
2018-01-01 20:00:00,-29798.684250276863,H1.Z15,P1,P1 물리적이상 최악: min=-45087W
2018-01-01 21:00:00,-18066.299655972256,H1.Z15,P1,P1 물리적이상 최악: min=-45087W
2018-01-01 22:00:00,-15136.66901961422,H1.Z15,P1,P1 물리적이상 최악: min=-45087W
2018-01-01 23:00:00,-11911.330092316874,H1.Z15,P1,P1 물리적이상 최악: min=-45087W
2022-07-20 00:00:00,35675.95017327861,H1.Z17,P1,P1 통계적이상 최악: max=86093W
2022-07-20 01:00:00,36210.67477546546,H1.Z17,P1,P1 통계적이상 최악: max=86093W
2022-07-20 02:00:00,35672.78940073165,H1.Z17,P1,P1 통계적이상 최악: max=86093W
2022-07-20 03:00:00,35457.401240166946,H1.Z17,P1,P1 통계적이상 최악: max=86093W
2022-07-20 04:00:00,42916.21916116381,H1.Z17,P1,P1 통계적이상 최악: max=86093W
2022-07-20 05:00:00,34601.6684483507,H1.Z17,P1,P1 통계적이상 최악: max=86093W
2022-07-20 06:00:00,33418.42566297743,H1.Z17,P1,P1 통계적이상 최악: max=86093W
2022-07-20 07:00:00,57952.49126627604,H1.Z17,P1,P1 통계적이상 최악: max=86093W
2022-07-20 08:00:00,61988.097118577854,H1.Z17,P1,P1 통계적이상 최악: max=86093W
2022-07-20 09:00:00,71780.76100260417,H1.Z17,P1,P1 통계적이상 최악: max=86093W
2022-07-20 10:00:00,79551.291796875,H1.Z17,P1,P1 통계적이상 최악: max=86093W
2022-07-20 11:00:00,86093.402135716,H1.Z17,P1,P1 통계적이상 최악: max=86093W
2022-07-20 12:00:00,76083.23701556899,H1.Z17,P1,P1 통계적이상 최악: max=86093W
2022-07-20 13:00:00,61548.94720052083,H1.Z17,P1,P1 통계적이상 최악: max=86093W
2022-07-20 14:00:00,59368.30172713123,H1.Z17,P1,P1 통계적이상 최악: max=86093W
2022-07-20 15:00:00,51423.80796440972,H1.Z17,P1,P1 통계적이상 최악: max=86093W
2022-07-20 16:00:00,50413.1287109375,H1.Z17,P1,P1 통계적이상 최악: max=86093W
2022-07-20 17:00:00,46814.28504774305,H1.Z17,P1,P1 통계적이상 최악: max=86093W
2022-07-20 18:00:00,44214.67524608748,H1.Z17,P1,P1 통계적이상 최악: max=86093W
2022-07-20 19:00:00,43880.51487063172,H1.Z17,P1,P1 통계적이상 최악: max=86093W
2022-07-20 20:00:00,46609.88923768259,H1.Z17,P1,P1 통계적이상 최악: max=86093W
2022-07-20 21:00:00,37207.2844562252,H1.Z17,P1,P1 통계적이상 최악: max=86093W
2022-07-20 22:00:00,29574.089262458143,H1.Z17,P1,P1 통계적이상 최악: max=86093W
2022-07-20 23:00:00,25974.101519187152,H1.Z17,P1,P1 통계적이상 최악: max=86093W
2018-01-01 00:00:00,-22002.313656594903,H1.Z15,P2,P2 물리적이상 최악: min=-46390W
2018-01-01 01:00:00,-17451.64137742784,H1.Z15,P2,P2 물리적이상 최악: min=-46390W
2018-01-01 02:00:00,-28162.987375217013,H1.Z15,P2,P2 물리적이상 최악: min=-46390W
2018-01-01 03:00:00,-21714.383157772496,H1.Z15,P2,P2 물리적이상 최악: min=-46390W
2018-01-01 04:00:00,-25147.87427474726,H1.Z15,P2,P2 물리적이상 최악: min=-46390W
2018-01-01 05:00:00,-28503.54958761512,H1.Z15,P2,P2 물리적이상 최악: min=-46390W
2018-01-01 06:00:00,-28640.138396130937,H1.Z15,P2,P2 물리적이상 최악: min=-46390W
2018-01-01 07:00:00,-28646.81715368165,H1.Z15,P2,P2 물리적이상 최악: min=-46390W
2018-01-01 08:00:00,-28966.959777684075,H1.Z15,P2,P2 물리적이상 최악: min=-46390W
2018-01-01 09:00:00,-28497.68745279948,H1.Z15,P2,P2 물리적이상 최악: min=-46390W
2018-01-01 10:00:00,-28625.52844488233,H1.Z15,P2,P2 물리적이상 최악: min=-46390W
2018-01-01 11:00:00,-28076.3421484375,H1.Z15,P2,P2 물리적이상 최악: min=-46390W
2018-01-01 12:00:00,-24236.47347767409,H1.Z15,P2,P2 물리적이상 최악: min=-46390W
2018-01-01 13:00:00,-28865.77302606482,H1.Z15,P2,P2 물리적이상 최악: min=-46390W
2018-01-01 14:00:00,-28882.729394838167,H1.Z15,P2,P2 물리적이상 최악: min=-46390W
2018-01-01 15:00:00,-28947.63474175347,H1.Z15,P2,P2 물리적이상 최악: min=-46390W
2018-01-01 16:00:00,-29215.17246270123,H1.Z15,P2,P2 물리적이상 최악: min=-46390W
2018-01-01 17:00:00,-28765.661557617183,H1.Z15,P2,P2 물리적이상 최악: min=-46390W
2018-01-01 18:00:00,-28711.95596842448,H1.Z15,P2,P2 물리적이상 최악: min=-46390W
2018-01-01 19:00:00,-28629.33245435201,H1.Z15,P2,P2 물리적이상 최악: min=-46390W
2018-01-01 20:00:00,-28998.438317603108,H1.Z15,P2,P2 물리적이상 최악: min=-46390W
2018-01-01 21:00:00,-17931.636343670198,H1.Z15,P2,P2 물리적이상 최악: min=-46390W
2018-01-01 22:00:00,-15032.464439923884,H1.Z15,P2,P2 물리적이상 최악: min=-46390W
2018-01-01 23:00:00,-12139.993186981392,H1.Z15,P2,P2 물리적이상 최악: min=-46390W
2022-07-20 00:00:00,36073.1113204207,H1.Z17,P2,P2 통계적이상 최악: max=85295W
2022-07-20 01:00:00,35375.04693265834,H1.Z17,P2,P2 통계적이상 최악: max=85295W
2022-07-20 02:00:00,34732.455283668154,H1.Z17,P2,P2 통계적이상 최악: max=85295W
2022-07-20 03:00:00,34331.89143344142,H1.Z17,P2,P2 통계적이상 최악: max=85295W
2022-07-20 04:00:00,41975.702290271576,H1.Z17,P2,P2 통계적이상 최악: max=85295W
2022-07-20 05:00:00,33536.64093207465,H1.Z17,P2,P2 통계적이상 최악: max=85295W
2022-07-20 06:00:00,33266.656141493055,H1.Z17,P2,P2 통계적이상 최악: max=85295W
2022-07-20 07:00:00,56597.01586588542,H1.Z17,P2,P2 통계적이상 최악: max=85295W
2022-07-20 08:00:00,59665.74949021599,H1.Z17,P2,P2 통계적이상 최악: max=85295W
2022-07-20 09:00:00,69210.67296006944,H1.Z17,P2,P2 통계적이상 최악: max=85295W
2022-07-20 10:00:00,77206.70464409722,H1.Z17,P2,P2 통계적이상 최악: max=85295W
2022-07-20 11:00:00,83826.71333363265,H1.Z17,P2,P2 통계적이상 최악: max=85295W
2022-07-20 12:00:00,73032.02495449709,H1.Z17,P2,P2 통계적이상 최악: max=85295W
2022-07-20 13:00:00,59822.72671440972,H1.Z17,P2,P2 통계적이상 최악: max=85295W
2022-07-20 14:00:00,56781.07225589679,H1.Z17,P2,P2 통계적이상 최악: max=85295W
2022-07-20 15:00:00,48910.10974633487,H1.Z17,P2,P2 통계적이상 최악: max=85295W
2022-07-20 16:00:00,47972.5126953125,H1.Z17,P2,P2 통계적이상 최악: max=85295W
2022-07-20 17:00:00,44550.181749131945,H1.Z17,P2,P2 통계적이상 최악: max=85295W
2022-07-20 18:00:00,42920.92769731125,H1.Z17,P2,P2 통계적이상 최악: max=85295W
2022-07-20 19:00:00,42835.93574344758,H1.Z17,P2,P2 통계적이상 최악: max=85295W
2022-07-20 20:00:00,45353.62057950192,H1.Z17,P2,P2 통계적이상 최악: max=85295W
2022-07-20 21:00:00,35753.03800114708,H1.Z17,P2,P2 통계적이상 최악: max=85295W
2022-07-20 22:00:00,28186.07702839792,H1.Z17,P2,P2 통계적이상 최악: max=85295W
2022-07-20 23:00:00,25700.02359392078,H1.Z17,P2,P2 통계적이상 최악: max=85295W
2018-01-01 00:00:00,-21101.26495773993,H1.Z15,P3,P3 물리적이상 최악: min=-48164W
2018-01-01 01:00:00,-16258.242687288928,H1.Z15,P3,P3 물리적이상 최악: min=-48164W
2018-01-01 02:00:00,-27752.56756184896,H1.Z15,P3,P3 물리적이상 최악: min=-48164W
2018-01-01 03:00:00,-20864.793435245097,H1.Z15,P3,P3 물리적이상 최악: min=-48164W
2018-01-01 04:00:00,-24581.47553805832,H1.Z15,P3,P3 물리적이상 최악: min=-48164W
2018-01-01 05:00:00,-28141.70478713057,H1.Z15,P3,P3 물리적이상 최악: min=-48164W
2018-01-01 06:00:00,-28188.150858036373,H1.Z15,P3,P3 물리적이상 최악: min=-48164W
2018-01-01 07:00:00,-28148.889402056186,H1.Z15,P3,P3 물리적이상 최악: min=-48164W
2018-01-01 08:00:00,-28625.14354633708,H1.Z15,P3,P3 물리적이상 최악: min=-48164W
2018-01-01 09:00:00,-28394.00741210937,H1.Z15,P3,P3 물리적이상 최악: min=-48164W
2018-01-01 10:00:00,-28361.85265120121,H1.Z15,P3,P3 물리적이상 최악: min=-48164W
2018-01-01 11:00:00,-27668.518475748693,H1.Z15,P3,P3 물리적이상 최악: min=-48164W
2018-01-01 12:00:00,-23539.21462650548,H1.Z15,P3,P3 물리적이상 최악: min=-48164W
2018-01-01 13:00:00,-28368.907227441345,H1.Z15,P3,P3 물리적이상 최악: min=-48164W
2018-01-01 14:00:00,-28354.82993355962,H1.Z15,P3,P3 물리적이상 최악: min=-48164W
2018-01-01 15:00:00,-28364.13564453125,H1.Z15,P3,P3 물리적이상 최악: min=-48164W
2018-01-01 16:00:00,-28342.142875500147,H1.Z15,P3,P3 물리적이상 최악: min=-48164W
2018-01-01 17:00:00,-27890.403299153648,H1.Z15,P3,P3 물리적이상 최악: min=-48164W
2018-01-01 18:00:00,-27662.813813476565,H1.Z15,P3,P3 물리적이상 최악: min=-48164W
2018-01-01 19:00:00,-27874.677094741037,H1.Z15,P3,P3 물리적이상 최악: min=-48164W
2018-01-01 20:00:00,-28403.96187364793,H1.Z15,P3,P3 물리적이상 최악: min=-48164W
2018-01-01 21:00:00,-16728.809308434622,H1.Z15,P3,P3 물리적이상 최악: min=-48164W
2018-01-01 22:00:00,-13711.371925863965,H1.Z15,P3,P3 물리적이상 최악: min=-48164W
2018-01-01 23:00:00,-10677.43166053467,H1.Z15,P3,P3 물리적이상 최악: min=-48164W
2023-12-21 00:00:00,417.86244705290966,H2.ZE67,P3,P3 통계적이상 최악: max=248380W
2023-12-21 01:00:00,428.5621938302418,H2.ZE67,P3,P3 통계적이상 최악: max=248380W
2023-12-21 02:00:00,420.6278110926164,H2.ZE67,P3,P3 통계적이상 최악: max=248380W
2023-12-21 03:00:00,406.5661309050636,H2.ZE67,P3,P3 통계적이상 최악: max=248380W
2023-12-21 04:00:00,427.1077282221892,H2.ZE67,P3,P3 통계적이상 최악: max=248380W
2023-12-21 05:00:00,402.6061275094325,H2.ZE67,P3,P3 통계적이상 최악: max=248380W
2023-12-21 06:00:00,425.5377975316508,H2.ZE67,P3,P3 통계적이상 최악: max=248380W
2023-12-21 07:00:00,407.7949333241318,H2.ZE67,P3,P3 통계적이상 최악: max=248380W
2023-12-21 08:00:00,391.86839791410034,H2.ZE67,P3,P3 통계적이상 최악: max=248380W
2023-12-21 09:00:00,413.56477035317806,H2.ZE67,P3,P3 통계적이상 최악: max=248380W
2023-12-21 10:00:00,437.4963928832386,H2.ZE67,P3,P3 통계적이상 최악: max=248380W
2023-12-21 11:00:00,440.1427814722528,H2.ZE67,P3,P3 통계적이상 최악: max=248380W
2023-12-21 12:00:00,462.9425925475831,H2.ZE67,P3,P3 통계적이상 최악: max=248380W
2023-12-21 13:00:00,470.1987175090264,H2.ZE67,P3,P3 통계적이상 최악: max=248380W
2023-12-21 14:00:00,1.5818675872798205e-07,H2.ZE67,P3,P3 통계적이상 최악: max=248380W
2023-12-21 15:00:00,1.3958723513597086e-07,H2.ZE67,P3,P3 통계적이상 최악: max=248380W
2023-12-21 16:00:00,9.048482186581481e-08,H2.ZE67,P3,P3 통계적이상 최악: max=248380W
2023-12-21 17:00:00,2826.5423355881244,H2.ZE67,P3,P3 통계적이상 최악: max=248380W
2023-12-21 18:00:00,3090.5595217688647,H2.ZE67,P3,P3 통계적이상 최악: max=248380W
2023-12-21 19:00:00,2842.022531554393,H2.ZE67,P3,P3 통계적이상 최악: max=248380W
2023-12-21 20:00:00,2782.36293912614,H2.ZE67,P3,P3 통계적이상 최악: max=248380W
2023-12-21 21:00:00,248380.2113298624,H2.ZE67,P3,P3 통계적이상 최악: max=248380W
2023-12-21 22:00:00,2656.048241403644,H2.ZE67,P3,P3 통계적이상 최악: max=248380W
2023-12-21 23:00:00,2993.1272003308254,H2.ZE67,P3,P3 통계적이상 최악: max=248380W
2023-01-02 00:00:00,-0.9845783165009524,H1.ZE20,PF,"PF 물리적이상 최악: min=-1.0003, max=1.0109"
2023-01-02 01:00:00,-0.985807798702092,H1.ZE20,PF,"PF 물리적이상 최악: min=-1.0003, max=1.0109"
2023-01-02 02:00:00,-0.9862560413572028,H1.ZE20,PF,"PF 물리적이상 최악: min=-1.0003, max=1.0109"
2023-01-02 03:00:00,-0.9866740553490704,H1.ZE20,PF,"PF 물리적이상 최악: min=-1.0003, max=1.0109"
2023-01-02 04:00:00,-0.9859245352442112,H1.ZE20,PF,"PF 물리적이상 최악: min=-1.0003, max=1.0109"
2023-01-02 05:00:00,-0.9854823507599932,H1.ZE20,PF,"PF 물리적이상 최악: min=-1.0003, max=1.0109"
2023-01-02 06:00:00,-0.9842978050466684,H1.ZE20,PF,"PF 물리적이상 최악: min=-1.0003, max=1.0109"
2023-01-02 07:00:00,-0.9857638309418056,H1.ZE20,PF,"PF 물리적이상 최악: min=-1.0003, max=1.0109"
2023-01-02 08:00:00,-0.9822344646097908,H1.ZE20,PF,"PF 물리적이상 최악: min=-1.0003, max=1.0109"
2023-01-02 09:00:00,-0.0154672254746673,H1.ZE20,PF,"PF 물리적이상 최악: min=-1.0003, max=1.0109"
2023-01-02 10:00:00,-0.1056066928918038,H1.ZE20,PF,"PF 물리적이상 최악: min=-1.0003, max=1.0109"
2023-01-02 11:00:00,-0.9869511180604432,H1.ZE20,PF,"PF 물리적이상 최악: min=-1.0003, max=1.0109"
2023-01-02 12:00:00,-0.9882591999812146,H1.ZE20,PF,"PF 물리적이상 최악: min=-1.0003, max=1.0109"
2023-01-02 13:00:00,-0.9893813685417828,H1.ZE20,PF,"PF 물리적이상 최악: min=-1.0003, max=1.0109"
2023-01-02 14:00:00,-0.9839336144740142,H1.ZE20,PF,"PF 물리적이상 최악: min=-1.0003, max=1.0109"
2023-01-02 15:00:00,-0.9878494119446306,H1.ZE20,PF,"PF 물리적이상 최악: min=-1.0003, max=1.0109"
2023-01-02 16:00:00,-1.000325469021059,H1.ZE20,PF,"PF 물리적이상 최악: min=-1.0003, max=1.0109"
2023-01-02 17:00:00,-0.9883080242013904,H1.ZE20,PF,"PF 물리적이상 최악: min=-1.0003, max=1.0109"
2023-01-02 18:00:00,-0.9876970116048492,H1.ZE20,PF,"PF 물리적이상 최악: min=-1.0003, max=1.0109"
2023-01-02 19:00:00,-0.9893906061160126,H1.ZE20,PF,"PF 물리적이상 최악: min=-1.0003, max=1.0109"
2023-01-02 20:00:00,-0.9891488654439816,H1.ZE20,PF,"PF 물리적이상 최악: min=-1.0003, max=1.0109"
2023-01-02 21:00:00,-0.9872725976764046,H1.ZE20,PF,"PF 물리적이상 최악: min=-1.0003, max=1.0109"
2023-01-02 22:00:00,-0.993046110233727,H1.ZE20,PF,"PF 물리적이상 최악: min=-1.0003, max=1.0109"
2023-01-02 23:00:00,-0.9883674499567224,H1.ZE20,PF,"PF 물리적이상 최악: min=-1.0003, max=1.0109"
2020-01-24 00:00:00,0.997525610565905,H3.Z40,PF,PF 통계적이상 최악: min=0.0
2020-01-24 01:00:00,0.9976317737006778,H3.Z40,PF,PF 통계적이상 최악: min=0.0
2020-01-24 02:00:00,0.997815164851782,H3.Z40,PF,PF 통계적이상 최악: min=0.0
2020-01-24 03:00:00,0.9970446403195956,H3.Z40,PF,PF 통계적이상 최악: min=0.0
2020-01-24 04:00:00,0.9966315040290143,H3.Z40,PF,PF 통계적이상 최악: min=0.0
2020-01-24 05:00:00,0.9938801107782969,H3.Z40,PF,PF 통계적이상 최악: min=0.0
2020-01-24 06:00:00,0.9777628059480468,H3.Z40,PF,PF 통계적이상 최악: min=0.0
2020-01-24 07:00:00,0.954199800193221,H3.Z40,PF,PF 통계적이상 최악: min=0.0
2020-01-24 08:00:00,0.9690361231575628,H3.Z40,PF,PF 통계적이상 최악: min=0.0
2020-01-24 09:00:00,0.9705616238043618,H3.Z40,PF,PF 통계적이상 최악: min=0.0
2020-01-24 10:00:00,0.9568260272527346,H3.Z40,PF,PF 통계적이상 최악: min=0.0
2020-01-24 11:00:00,0.973431590516772,H3.Z40,PF,PF 통계적이상 최악: min=0.0
2020-01-24 12:00:00,0.9987013225888284,H3.Z40,PF,PF 통계적이상 최악: min=0.0
2020-01-24 13:00:00,0.9978574658842648,H3.Z40,PF,PF 통계적이상 최악: min=0.0
2020-01-24 14:00:00,0.997890822292804,H3.Z40,PF,PF 통계적이상 최악: min=0.0
2020-01-24 15:00:00,0.9983658815736096,H3.Z40,PF,PF 통계적이상 최악: min=0.0
2020-01-24 16:00:00,0.9869370403057796,H3.Z40,PF,PF 통계적이상 최악: min=0.0
2020-01-24 17:00:00,0.978733040295867,H3.Z40,PF,PF 통계적이상 최악: min=0.0
2020-01-24 18:00:00,0.9835920325405936,H3.Z40,PF,PF 통계적이상 최악: min=0.0
2020-01-24 19:00:00,0.9797783096334934,H3.Z40,PF,PF 통계적이상 최악: min=0.0
2020-01-24 20:00:00,0.9975086237682278,H3.Z40,PF,PF 통계적이상 최악: min=0.0
2020-01-24 21:00:00,0.9980023881834216,H3.Z40,PF,PF 통계적이상 최악: min=0.0
2020-01-24 22:00:00,0.9933415795309888,H3.Z40,PF,PF 통계적이상 최악: min=0.0
2020-01-24 23:00:00,0.9977257946484828,H3.Z40,PF,PF 통계적이상 최악: min=0.0
2021-06-15 00:00:00,-0.005149189189736,H3.Z312,PF1,PF1 물리적이상 최악: min=-1.0
2021-06-15 01:00:00,-0.0051844371618547,H3.Z312,PF1,PF1 물리적이상 최악: min=-1.0
2021-06-15 02:00:00,-0.0040072934565856,H3.Z312,PF1,PF1 물리적이상 최악: min=-1.0
2021-06-15 03:00:00,-0.003295417007874,H3.Z312,PF1,PF1 물리적이상 최악: min=-1.0
2021-06-15 04:00:00,-0.0066486085005453,H3.Z312,PF1,PF1 물리적이상 최악: min=-1.0
2021-06-15 05:00:00,-0.6730575223329165,H3.Z312,PF1,PF1 물리적이상 최악: min=-1.0
2021-06-15 06:00:00,-0.9996402281522748,H3.Z312,PF1,PF1 물리적이상 최악: min=-1.0
2021-06-15 07:00:00,-0.9999723158280052,H3.Z312,PF1,PF1 물리적이상 최악: min=-1.0
2021-06-15 08:00:00,-0.9999954879283908,H3.Z312,PF1,PF1 물리적이상 최악: min=-1.0
2021-06-15 09:00:00,-0.9999997048113096,H3.Z312,PF1,PF1 물리적이상 최악: min=-1.0
2021-06-15 10:00:00,-0.9999997634887716,H3.Z312,PF1,PF1 물리적이상 최악: min=-1.0
2021-06-15 11:00:00,-0.999999700526398,H3.Z312,PF1,PF1 물리적이상 최악: min=-1.0
2021-06-15 12:00:00,-0.999999941719906,H3.Z312,PF1,PF1 물리적이상 최악: min=-1.0
2021-06-15 13:00:00,-0.999999735110338,H3.Z312,PF1,PF1 물리적이상 최악: min=-1.0
2021-06-15 14:00:00,-0.9999997162298564,H3.Z312,PF1,PF1 물리적이상 최악: min=-1.0
2021-06-15 15:00:00,-0.9999998872942408,H3.Z312,PF1,PF1 물리적이상 최악: min=-1.0
2021-06-15 16:00:00,-1.0000000018874835,H3.Z312,PF1,PF1 물리적이상 최악: min=-1.0
2021-06-15 17:00:00,-0.999999619536932,H3.Z312,PF1,PF1 물리적이상 최악: min=-1.0
2021-06-15 18:00:00,-0.9999899769160484,H3.Z312,PF1,PF1 물리적이상 최악: min=-1.0
2021-06-15 19:00:00,-0.999955722292264,H3.Z312,PF1,PF1 물리적이상 최악: min=-1.0
2021-06-15 20:00:00,-0.9994040763378148,H3.Z312,PF1,PF1 물리적이상 최악: min=-1.0
2021-06-15 21:00:00,-0.5607617253810168,H3.Z312,PF1,PF1 물리적이상 최악: min=-1.0
2021-06-15 22:00:00,-0.004983748005264,H3.Z312,PF1,PF1 물리적이상 최악: min=-1.0
2021-06-15 23:00:00,-0.0027659783066822,H3.Z312,PF1,PF1 물리적이상 최악: min=-1.0
2022-03-22 15:00:00,1.0,H2.ZE66,PF1,PF1 통계적이상 최악: max=1.0
2022-03-22 16:00:00,1.0,H2.ZE66,PF1,PF1 통계적이상 최악: max=1.0
2022-03-22 17:00:00,1.0,H2.ZE66,PF1,PF1 통계적이상 최악: max=1.0
2022-03-22 18:00:00,1.0,H2.ZE66,PF1,PF1 통계적이상 최악: max=1.0
2022-03-22 19:00:00,1.0,H2.ZE66,PF1,PF1 통계적이상 최악: max=1.0
2022-03-22 20:00:00,1.0,H2.ZE66,PF1,PF1 통계적이상 최악: max=1.0
2022-03-22 21:00:00,1.0,H2.ZE66,PF1,PF1 통계적이상 최악: max=1.0
2022-03-22 22:00:00,1.0,H2.ZE66,PF1,PF1 통계적이상 최악: max=1.0
2022-03-22 23:00:00,1.0,H2.ZE66,PF1,PF1 통계적이상 최악: max=1.0
2021-07-18 00:00:00,0.0065233436495603,H2.Z311,PF2,PF2 물리적이상 최악: min=-1.0
2021-07-18 01:00:00,0.0063295460489072,H2.Z311,PF2,PF2 물리적이상 최악: min=-1.0
2021-07-18 02:00:00,0.0056098040141003,H2.Z311,PF2,PF2 물리적이상 최악: min=-1.0
2021-07-18 03:00:00,0.0051246979998217,H2.Z311,PF2,PF2 물리적이상 최악: min=-1.0
2021-07-18 04:00:00,0.0051553535799629,H2.Z311,PF2,PF2 물리적이상 최악: min=-1.0
2021-07-18 05:00:00,-0.3822577950535129,H2.Z311,PF2,PF2 물리적이상 최악: min=-1.0
2021-07-18 06:00:00,-0.9992365606945592,H2.Z311,PF2,PF2 물리적이상 최악: min=-1.0
2021-07-18 07:00:00,-0.9999768270974088,H2.Z311,PF2,PF2 물리적이상 최악: min=-1.0
2021-07-18 08:00:00,-0.9999992568185296,H2.Z311,PF2,PF2 물리적이상 최악: min=-1.0
2021-07-18 09:00:00,-0.9999999744850218,H2.Z311,PF2,PF2 물리적이상 최악: min=-1.0
2021-07-18 10:00:00,-0.9999999216349936,H2.Z311,PF2,PF2 물리적이상 최악: min=-1.0
2021-07-18 11:00:00,-0.9999998911100774,H2.Z311,PF2,PF2 물리적이상 최악: min=-1.0
2021-07-18 12:00:00,-0.999999868542105,H2.Z311,PF2,PF2 물리적이상 최악: min=-1.0
2021-07-18 13:00:00,-0.99999992867749,H2.Z311,PF2,PF2 물리적이상 최악: min=-1.0
2021-07-18 14:00:00,-0.9999999663093913,H2.Z311,PF2,PF2 물리적이상 최악: min=-1.0
2021-07-18 15:00:00,-0.9999999795565078,H2.Z311,PF2,PF2 물리적이상 최악: min=-1.0
2021-07-18 16:00:00,-1.0000000017994348,H2.Z311,PF2,PF2 물리적이상 최악: min=-1.0
2021-07-18 17:00:00,-0.9999998804731808,H2.Z311,PF2,PF2 물리적이상 최악: min=-1.0
2021-07-18 18:00:00,-0.9999978238285492,H2.Z311,PF2,PF2 물리적이상 최악: min=-1.0
2021-07-18 19:00:00,-0.9999332162817354,H2.Z311,PF2,PF2 물리적이상 최악: min=-1.0
2021-07-18 20:00:00,-0.9991770731333732,H2.Z311,PF2,PF2 물리적이상 최악: min=-1.0
2021-07-18 21:00:00,-0.4781802486706569,H2.Z311,PF2,PF2 물리적이상 최악: min=-1.0
2021-07-18 22:00:00,0.0078172509286863,H2.Z311,PF2,PF2 물리적이상 최악: min=-1.0
2021-07-18 23:00:00,0.0068591658477585,H2.Z311,PF2,PF2 물리적이상 최악: min=-1.0
2022-03-22 15:00:00,1.0,H2.ZE66,PF2,PF2 통계적이상 최악: max=1.0
2022-03-22 16:00:00,1.0,H2.ZE66,PF2,PF2 통계적이상 최악: max=1.0
2022-03-22 17:00:00,1.0,H2.ZE66,PF2,PF2 통계적이상 최악: max=1.0
2022-03-22 18:00:00,1.0,H2.ZE66,PF2,PF2 통계적이상 최악: max=1.0
2022-03-22 19:00:00,1.0,H2.ZE66,PF2,PF2 통계적이상 최악: max=1.0
2022-03-22 20:00:00,1.0,H2.ZE66,PF2,PF2 통계적이상 최악: max=1.0
2022-03-22 21:00:00,1.0,H2.ZE66,PF2,PF2 통계적이상 최악: max=1.0
2022-03-22 22:00:00,1.0,H2.ZE66,PF2,PF2 통계적이상 최악: max=1.0
2022-03-22 23:00:00,1.0,H2.ZE66,PF2,PF2 통계적이상 최악: max=1.0
2021-06-08 00:00:00,-0.0095067408294804,H1.Z310,PF3,PF3 물리적이상 최악: min=-1.0
2021-06-08 01:00:00,-0.0101635328056807,H1.Z310,PF3,PF3 물리적이상 최악: min=-1.0
2021-06-08 02:00:00,-0.010809494359973,H1.Z310,PF3,PF3 물리적이상 최악: min=-1.0
2021-06-08 03:00:00,-0.0093647371180768,H1.Z310,PF3,PF3 물리적이상 최악: min=-1.0
2021-06-08 04:00:00,-0.0105836013489816,H1.Z310,PF3,PF3 물리적이상 최악: min=-1.0
2021-06-08 05:00:00,-0.0830004249523497,H1.Z310,PF3,PF3 물리적이상 최악: min=-1.0
2021-06-08 06:00:00,-0.9913595145278512,H1.Z310,PF3,PF3 물리적이상 최악: min=-1.0
2021-06-08 07:00:00,-0.9998623955912056,H1.Z310,PF3,PF3 물리적이상 최악: min=-1.0
2021-06-08 08:00:00,-0.999966257096512,H1.Z310,PF3,PF3 물리적이상 최악: min=-1.0
2021-06-08 09:00:00,-0.9999870726939228,H1.Z310,PF3,PF3 물리적이상 최악: min=-1.0
2021-06-08 10:00:00,-0.999995089636908,H1.Z310,PF3,PF3 물리적이상 최악: min=-1.0
2021-06-08 11:00:00,-0.9999994573956248,H1.Z310,PF3,PF3 물리적이상 최악: min=-1.0
2021-06-08 12:00:00,-0.9999998923809412,H1.Z310,PF3,PF3 물리적이상 최악: min=-1.0
2021-06-08 13:00:00,-1.0000000019690696,H1.Z310,PF3,PF3 물리적이상 최악: min=-1.0
2021-06-08 14:00:00,-0.9999996796749716,H1.Z310,PF3,PF3 물리적이상 최악: min=-1.0
2021-06-08 15:00:00,-0.9999996538011732,H1.Z310,PF3,PF3 물리적이상 최악: min=-1.0
2021-06-08 16:00:00,-0.9999988892483498,H1.Z310,PF3,PF3 물리적이상 최악: min=-1.0
2021-06-08 17:00:00,-0.999995114133619,H1.Z310,PF3,PF3 물리적이상 최악: min=-1.0
2021-06-08 18:00:00,-0.9999724448173628,H1.Z310,PF3,PF3 물리적이상 최악: min=-1.0
2021-06-08 19:00:00,-0.9999455294675296,H1.Z310,PF3,PF3 물리적이상 최악: min=-1.0
2021-06-08 20:00:00,-0.9975466391400976,H1.Z310,PF3,PF3 물리적이상 최악: min=-1.0
2021-06-08 21:00:00,-0.4417868974404664,H1.Z310,PF3,PF3 물리적이상 최악: min=-1.0
2021-06-08 22:00:00,-0.0069687806474627,H1.Z310,PF3,PF3 물리적이상 최악: min=-1.0
2021-06-08 23:00:00,-0.006729626664311,H1.Z310,PF3,PF3 물리적이상 최악: min=-1.0
2022-07-03 00:00:00,0.8003116428852081,H1.Z17,PF3,PF3 통계적이상 최악: max=1.0
2022-07-03 01:00:00,0.7933628107110658,H1.Z17,PF3,PF3 통계적이상 최악: max=1.0
2022-07-03 02:00:00,0.7971784556905434,H1.Z17,PF3,PF3 통계적이상 최악: max=1.0
2022-07-03 03:00:00,0.8131761349737644,H1.Z17,PF3,PF3 통계적이상 최악: max=1.0
2022-07-03 04:00:00,0.8145525261759758,H1.Z17,PF3,PF3 통계적이상 최악: max=1.0
2022-07-03 05:00:00,0.8053342084089915,H1.Z17,PF3,PF3 통계적이상 최악: max=1.0
2022-07-03 06:00:00,0.8005748594800635,H1.Z17,PF3,PF3 통계적이상 최악: max=1.0
2022-07-03 07:00:00,0.7708234085494957,H1.Z17,PF3,PF3 통계적이상 최악: max=1.0
2022-07-03 08:00:00,0.776645065347354,H1.Z17,PF3,PF3 통계적이상 최악: max=1.0
2022-07-03 09:00:00,0.7708262925346695,H1.Z17,PF3,PF3 통계적이상 최악: max=1.0
2022-07-03 10:00:00,0.7692029694964762,H1.Z17,PF3,PF3 통계적이상 최악: max=1.0
2022-07-03 11:00:00,0.7673168126527516,H1.Z17,PF3,PF3 통계적이상 최악: max=1.0
2022-07-03 12:00:00,0.7722815801664679,H1.Z17,PF3,PF3 통계적이상 최악: max=1.0
2022-07-03 13:00:00,0.7672350873880056,H1.Z17,PF3,PF3 통계적이상 최악: max=1.0
2022-07-03 14:00:00,0.7644303305850246,H1.Z17,PF3,PF3 통계적이상 최악: max=1.0
2022-07-03 15:00:00,0.7644784208501227,H1.Z17,PF3,PF3 통계적이상 최악: max=1.0
2022-07-03 16:00:00,0.76143539588182,H1.Z17,PF3,PF3 통계적이상 최악: max=1.0
2022-07-03 17:00:00,0.7643382836627641,H1.Z17,PF3,PF3 통계적이상 최악: max=1.0
2022-07-03 18:00:00,0.7678748581161695,H1.Z17,PF3,PF3 통계적이상 최악: max=1.0
2022-07-03 19:00:00,0.7678211276103155,H1.Z17,PF3,PF3 통계적이상 최악: max=1.0
2022-07-03 20:00:00,0.765736232182805,H1.Z17,PF3,PF3 통계적이상 최악: max=1.0
2022-07-03 21:00:00,0.7628178011038045,H1.Z17,PF3,PF3 통계적이상 최악: max=1.0
2022-07-03 22:00:00,0.7732259853263969,H1.Z17,PF3,PF3 통계적이상 최악: max=1.0
2022-07-03 23:00:00,0.7720687472376436,H1.Z17,PF3,PF3 통계적이상 최악: max=1.0
2020-03-07 00:00:00,0.0,H2.T.Z34,U1,U1 물리적이상 최악: min=0.0V
2020-03-07 01:00:00,0.0,H2.T.Z34,U1,U1 물리적이상 최악: min=0.0V
2020-03-07 02:00:00,0.0,H2.T.Z34,U1,U1 물리적이상 최악: min=0.0V
2020-03-07 03:00:00,0.0,H2.T.Z34,U1,U1 물리적이상 최악: min=0.0V
2020-03-07 04:00:00,0.0,H2.T.Z34,U1,U1 물리적이상 최악: min=0.0V
2020-03-07 05:00:00,0.0,H2.T.Z34,U1,U1 물리적이상 최악: min=0.0V
2020-03-07 06:00:00,0.0,H2.T.Z34,U1,U1 물리적이상 최악: min=0.0V
2020-03-07 07:00:00,0.0,H2.T.Z34,U1,U1 물리적이상 최악: min=0.0V
2020-03-07 08:00:00,0.0,H2.T.Z34,U1,U1 물리적이상 최악: min=0.0V
2020-03-07 09:00:00,0.0,H2.T.Z34,U1,U1 물리적이상 최악: min=0.0V
2020-03-07 10:00:00,0.0,H2.T.Z34,U1,U1 물리적이상 최악: min=0.0V
2020-03-07 11:00:00,0.0,H2.T.Z34,U1,U1 물리적이상 최악: min=0.0V
2020-03-07 12:00:00,0.0,H2.T.Z34,U1,U1 물리적이상 최악: min=0.0V
2020-03-07 13:00:00,0.0,H2.T.Z34,U1,U1 물리적이상 최악: min=0.0V
2020-03-07 14:00:00,0.0,H2.T.Z34,U1,U1 물리적이상 최악: min=0.0V
2020-03-07 15:00:00,0.0,H2.T.Z34,U1,U1 물리적이상 최악: min=0.0V
2020-03-07 16:00:00,0.0,H2.T.Z34,U1,U1 물리적이상 최악: min=0.0V
2020-03-07 17:00:00,0.0,H2.T.Z34,U1,U1 물리적이상 최악: min=0.0V
2020-03-07 18:00:00,0.0,H2.T.Z34,U1,U1 물리적이상 최악: min=0.0V
2020-03-07 19:00:00,0.0,H2.T.Z34,U1,U1 물리적이상 최악: min=0.0V
2020-03-07 20:00:00,0.0,H2.T.Z34,U1,U1 물리적이상 최악: min=0.0V
2020-03-07 21:00:00,0.0,H2.T.Z34,U1,U1 물리적이상 최악: min=0.0V
2020-03-07 22:00:00,0.0,H2.T.Z34,U1,U1 물리적이상 최악: min=0.0V
2020-03-07 23:00:00,0.0,H2.T.Z34,U1,U1 물리적이상 최악: min=0.0V
2023-07-16 00:00:00,232.92612928772735,H3.Z312,U1,U1 통계적이상 최악: max=238.8V
2023-07-16 01:00:00,232.7960721451592,H3.Z312,U1,U1 통계적이상 최악: max=238.8V
2023-07-16 02:00:00,232.00141957000872,H3.Z312,U1,U1 통계적이상 최악: max=238.8V
2023-07-16 03:00:00,231.85375298418364,H3.Z312,U1,U1 통계적이상 최악: max=238.8V
2023-07-16 04:00:00,231.81236125059064,H3.Z312,U1,U1 통계적이상 최악: max=238.8V
2023-07-16 05:00:00,233.0925815735397,H3.Z312,U1,U1 통계적이상 최악: max=238.8V
2023-07-16 06:00:00,233.0789853071136,H3.Z312,U1,U1 통계적이상 최악: max=238.8V
2023-07-16 07:00:00,232.42835099460325,H3.Z312,U1,U1 통계적이상 최악: max=238.8V
2023-07-16 08:00:00,232.89695197198677,H3.Z312,U1,U1 통계적이상 최악: max=238.8V
2023-07-16 09:00:00,236.47757817369836,H3.Z312,U1,U1 통계적이상 최악: max=238.8V
2023-07-16 10:00:00,236.85825180479264,H3.Z312,U1,U1 통계적이상 최악: max=238.8V
2023-07-16 11:00:00,237.842621197062,H3.Z312,U1,U1 통계적이상 최악: max=238.8V
2023-07-16 12:00:00,237.5149295935512,H3.Z312,U1,U1 통계적이상 최악: max=238.8V
2023-07-16 13:00:00,238.1761486265734,H3.Z312,U1,U1 통계적이상 최악: max=238.8V
2023-07-16 14:00:00,238.84316323589064,H3.Z312,U1,U1 통계적이상 최악: max=238.8V
2023-07-16 15:00:00,237.9682601079105,H3.Z312,U1,U1 통계적이상 최악: max=238.8V
2023-07-16 16:00:00,237.3573669208522,H3.Z312,U1,U1 통계적이상 최악: max=238.8V
2023-07-16 17:00:00,237.07694729560652,H3.Z312,U1,U1 통계적이상 최악: max=238.8V
2023-07-16 18:00:00,236.0789417587619,H3.Z312,U1,U1 통계적이상 최악: max=238.8V
2023-07-16 19:00:00,233.751641822048,H3.Z312,U1,U1 통계적이상 최악: max=238.8V
2023-07-16 20:00:00,233.28309209833824,H3.Z312,U1,U1 통계적이상 최악: max=238.8V
2023-07-16 21:00:00,233.1438981122031,H3.Z312,U1,U1 통계적이상 최악: max=238.8V
2023-07-16 22:00:00,231.80914881118784,H3.Z312,U1,U1 통계적이상 최악: max=238.8V
2023-07-16 23:00:00,231.47121460169777,H3.Z312,U1,U1 통계적이상 최악: max=238.8V
2020-03-07 00:00:00,0.0,H2.T.Z34,U2,U2 물리적이상 최악: min=0.0V
2020-03-07 01:00:00,0.0,H2.T.Z34,U2,U2 물리적이상 최악: min=0.0V
2020-03-07 02:00:00,0.0,H2.T.Z34,U2,U2 물리적이상 최악: min=0.0V
2020-03-07 03:00:00,0.0,H2.T.Z34,U2,U2 물리적이상 최악: min=0.0V
2020-03-07 04:00:00,0.0,H2.T.Z34,U2,U2 물리적이상 최악: min=0.0V
2020-03-07 05:00:00,0.0,H2.T.Z34,U2,U2 물리적이상 최악: min=0.0V
2020-03-07 06:00:00,0.0,H2.T.Z34,U2,U2 물리적이상 최악: min=0.0V
2020-03-07 07:00:00,0.0,H2.T.Z34,U2,U2 물리적이상 최악: min=0.0V
2020-03-07 08:00:00,0.0,H2.T.Z34,U2,U2 물리적이상 최악: min=0.0V
2020-03-07 09:00:00,0.0,H2.T.Z34,U2,U2 물리적이상 최악: min=0.0V
2020-03-07 10:00:00,0.0,H2.T.Z34,U2,U2 물리적이상 최악: min=0.0V
2020-03-07 11:00:00,0.0,H2.T.Z34,U2,U2 물리적이상 최악: min=0.0V
2020-03-07 12:00:00,0.0,H2.T.Z34,U2,U2 물리적이상 최악: min=0.0V
2020-03-07 13:00:00,0.0,H2.T.Z34,U2,U2 물리적이상 최악: min=0.0V
2020-03-07 14:00:00,0.0,H2.T.Z34,U2,U2 물리적이상 최악: min=0.0V
2020-03-07 15:00:00,0.0,H2.T.Z34,U2,U2 물리적이상 최악: min=0.0V
2020-03-07 16:00:00,0.0,H2.T.Z34,U2,U2 물리적이상 최악: min=0.0V
2020-03-07 17:00:00,0.0,H2.T.Z34,U2,U2 물리적이상 최악: min=0.0V
2020-03-07 18:00:00,0.0,H2.T.Z34,U2,U2 물리적이상 최악: min=0.0V
2020-03-07 19:00:00,0.0,H2.T.Z34,U2,U2 물리적이상 최악: min=0.0V
2020-03-07 20:00:00,0.0,H2.T.Z34,U2,U2 물리적이상 최악: min=0.0V
2020-03-07 21:00:00,0.0,H2.T.Z34,U2,U2 물리적이상 최악: min=0.0V
2020-03-07 22:00:00,0.0,H2.T.Z34,U2,U2 물리적이상 최악: min=0.0V
2020-03-07 23:00:00,0.0,H2.T.Z34,U2,U2 물리적이상 최악: min=0.0V
2022-03-26 00:00:00,234.0653066778624,H3.Z312,U2,U2 통계적이상 최악: max=239.4V
2022-03-26 01:00:00,233.74161337352885,H3.Z312,U2,U2 통계적이상 최악: max=239.4V
2022-03-26 02:00:00,233.52874562831167,H3.Z312,U2,U2 통계적이상 최악: max=239.4V
2022-03-26 03:00:00,233.8449699288872,H3.Z312,U2,U2 통계적이상 최악: max=239.4V
2022-03-26 04:00:00,234.09328204170063,H3.Z312,U2,U2 통계적이상 최악: max=239.4V
2022-03-26 05:00:00,234.48304318988085,H3.Z312,U2,U2 통계적이상 최악: max=239.4V
2022-03-26 06:00:00,234.8027905442973,H3.Z312,U2,U2 통계적이상 최악: max=239.4V
2022-03-26 07:00:00,234.56486612955683,H3.Z312,U2,U2 통계적이상 최악: max=239.4V
2022-03-26 08:00:00,234.14319101121652,H3.Z312,U2,U2 통계적이상 최악: max=239.4V
2022-03-26 09:00:00,232.64084998460612,H3.Z312,U2,U2 통계적이상 최악: max=239.4V
2022-03-26 10:00:00,232.9711322676804,H3.Z312,U2,U2 통계적이상 최악: max=239.4V
2022-03-26 11:00:00,234.0622242435056,H3.Z312,U2,U2 통계적이상 최악: max=239.4V
2022-03-26 12:00:00,234.2611632956876,H3.Z312,U2,U2 통계적이상 최악: max=239.4V
2022-03-26 13:00:00,234.93636451562315,H3.Z312,U2,U2 통계적이상 최악: max=239.4V
2022-03-26 14:00:00,235.15938715526,H3.Z312,U2,U2 통계적이상 최악: max=239.4V
2022-03-26 15:00:00,234.9436128868248,H3.Z312,U2,U2 통계적이상 최악: max=239.4V
2022-03-26 16:00:00,234.75852332670857,H3.Z312,U2,U2 통계적이상 최악: max=239.4V
2022-03-26 17:00:00,234.1409133204149,H3.Z312,U2,U2 통계적이상 최악: max=239.4V
2022-03-26 18:00:00,233.79489553739236,H3.Z312,U2,U2 통계적이상 최악: max=239.4V
2022-03-26 19:00:00,233.15854930213297,H3.Z312,U2,U2 통계적이상 최악: max=239.4V
2022-03-26 20:00:00,233.34958665696365,H3.Z312,U2,U2 통계적이상 최악: max=239.4V
2022-03-26 21:00:00,233.5622214458521,H3.Z312,U2,U2 통계적이상 최악: max=239.4V
2022-03-26 22:00:00,234.6223960326024,H3.Z312,U2,U2 통계적이상 최악: max=239.4V
2022-03-26 23:00:00,234.8706691041625,H3.Z312,U2,U2 통계적이상 최악: max=239.4V
2020-03-07 00:00:00,0.0,H2.T.Z34,U3,U3 물리적이상 최악: min=0.0V
2020-03-07 01:00:00,0.0,H2.T.Z34,U3,U3 물리적이상 최악: min=0.0V
2020-03-07 02:00:00,0.0,H2.T.Z34,U3,U3 물리적이상 최악: min=0.0V
2020-03-07 03:00:00,0.0,H2.T.Z34,U3,U3 물리적이상 최악: min=0.0V
2020-03-07 04:00:00,0.0,H2.T.Z34,U3,U3 물리적이상 최악: min=0.0V
2020-03-07 05:00:00,0.0,H2.T.Z34,U3,U3 물리적이상 최악: min=0.0V
2020-03-07 06:00:00,0.0,H2.T.Z34,U3,U3 물리적이상 최악: min=0.0V
2020-03-07 07:00:00,0.0,H2.T.Z34,U3,U3 물리적이상 최악: min=0.0V
2020-03-07 08:00:00,0.0,H2.T.Z34,U3,U3 물리적이상 최악: min=0.0V
2020-03-07 09:00:00,0.0,H2.T.Z34,U3,U3 물리적이상 최악: min=0.0V
2020-03-07 10:00:00,0.0,H2.T.Z34,U3,U3 물리적이상 최악: min=0.0V
2020-03-07 11:00:00,0.0,H2.T.Z34,U3,U3 물리적이상 최악: min=0.0V
2020-03-07 12:00:00,0.0,H2.T.Z34,U3,U3 물리적이상 최악: min=0.0V
2020-03-07 13:00:00,0.0,H2.T.Z34,U3,U3 물리적이상 최악: min=0.0V
2020-03-07 14:00:00,0.0,H2.T.Z34,U3,U3 물리적이상 최악: min=0.0V
2020-03-07 15:00:00,0.0,H2.T.Z34,U3,U3 물리적이상 최악: min=0.0V
2020-03-07 16:00:00,0.0,H2.T.Z34,U3,U3 물리적이상 최악: min=0.0V
2020-03-07 17:00:00,0.0,H2.T.Z34,U3,U3 물리적이상 최악: min=0.0V
2020-03-07 18:00:00,0.0,H2.T.Z34,U3,U3 물리적이상 최악: min=0.0V
2020-03-07 19:00:00,0.0,H2.T.Z34,U3,U3 물리적이상 최악: min=0.0V
2020-03-07 20:00:00,0.0,H2.T.Z34,U3,U3 물리적이상 최악: min=0.0V
2020-03-07 21:00:00,0.0,H2.T.Z34,U3,U3 물리적이상 최악: min=0.0V
2020-03-07 22:00:00,0.0,H2.T.Z34,U3,U3 물리적이상 최악: min=0.0V
2020-03-07 23:00:00,0.0,H2.T.Z34,U3,U3 물리적이상 최악: min=0.0V
2023-01-07 00:00:00,235.29761546791588,H3.Z312,U3,U3 통계적이상 최악: max=237.9V
2023-01-07 01:00:00,235.26768715456396,H3.Z312,U3,U3 통계적이상 최악: max=237.9V
2023-01-07 02:00:00,234.97669153849316,H3.Z312,U3,U3 통계적이상 최악: max=237.9V
2023-01-07 03:00:00,234.8355635240344,H3.Z312,U3,U3 통계적이상 최악: max=237.9V
2023-01-07 04:00:00,234.4207865905764,H3.Z312,U3,U3 통계적이상 최악: max=237.9V
2023-01-07 05:00:00,234.36382527911428,H3.Z312,U3,U3 통계적이상 최악: max=237.9V
2023-01-07 06:00:00,234.68261474609344,H3.Z312,U3,U3 통계적이상 최악: max=237.9V
2023-01-07 07:00:00,234.4107160610627,H3.Z312,U3,U3 통계적이상 최악: max=237.9V
2023-01-07 08:00:00,234.75292068481437,H3.Z312,U3,U3 통계적이상 최악: max=237.9V
2023-01-07 09:00:00,234.98365301267057,H3.Z312,U3,U3 통계적이상 최악: max=237.9V
2023-01-07 10:00:00,234.74440858629,H3.Z312,U3,U3 통계적이상 최악: max=237.9V
2023-01-07 11:00:00,234.72621595836824,H3.Z312,U3,U3 통계적이상 최악: max=237.9V
2023-01-07 12:00:00,234.69390078082444,H3.Z312,U3,U3 통계적이상 최악: max=237.9V
2023-01-07 13:00:00,235.13547824435764,H3.Z312,U3,U3 통계적이상 최악: max=237.9V
2023-01-07 14:00:00,234.59678585476345,H3.Z312,U3,U3 통계적이상 최악: max=237.9V
2023-01-07 15:00:00,234.3240750122069,H3.Z312,U3,U3 통계적이상 최악: max=237.9V
2023-01-07 16:00:00,233.56814863416852,H3.Z312,U3,U3 통계적이상 최악: max=237.9V
2023-01-07 17:00:00,232.7043518960888,H3.Z312,U3,U3 통계적이상 최악: max=237.9V
2023-01-07 18:00:00,232.54942994859516,H3.Z312,U3,U3 통계적이상 최악: max=237.9V
2023-01-07 19:00:00,232.97231475830068,H3.Z312,U3,U3 통계적이상 최악: max=237.9V
2023-01-07 20:00:00,233.79514307739908,H3.Z312,U3,U3 통계적이상 최악: max=237.9V
2023-01-07 21:00:00,234.394909142388,H3.Z312,U3,U3 통계적이상 최악: max=237.9V
2023-01-07 22:00:00,234.3834082200797,H3.Z312,U3,U3 통계적이상 최악: max=237.9V
2023-01-07 23:00:00,234.71261494106727,H3.Z312,U3,U3 통계적이상 최악: max=237.9V
2020-03-07 00:00:00,0.0,H2.T.Z34,f,f 물리적이상 최악: min=0.0Hz
2020-03-07 01:00:00,0.0,H2.T.Z34,f,f 물리적이상 최악: min=0.0Hz
2020-03-07 02:00:00,0.0,H2.T.Z34,f,f 물리적이상 최악: min=0.0Hz
2020-03-07 03:00:00,0.0,H2.T.Z34,f,f 물리적이상 최악: min=0.0Hz
2020-03-07 04:00:00,0.0,H2.T.Z34,f,f 물리적이상 최악: min=0.0Hz
2020-03-07 05:00:00,0.0,H2.T.Z34,f,f 물리적이상 최악: min=0.0Hz
2020-03-07 06:00:00,0.0,H2.T.Z34,f,f 물리적이상 최악: min=0.0Hz
2020-03-07 07:00:00,0.0,H2.T.Z34,f,f 물리적이상 최악: min=0.0Hz
2020-03-07 08:00:00,0.0,H2.T.Z34,f,f 물리적이상 최악: min=0.0Hz
2020-03-07 09:00:00,0.0,H2.T.Z34,f,f 물리적이상 최악: min=0.0Hz
2020-03-07 10:00:00,0.0,H2.T.Z34,f,f 물리적이상 최악: min=0.0Hz
2020-03-07 11:00:00,0.0,H2.T.Z34,f,f 물리적이상 최악: min=0.0Hz
2020-03-07 12:00:00,0.0,H2.T.Z34,f,f 물리적이상 최악: min=0.0Hz
2020-03-07 13:00:00,0.0,H2.T.Z34,f,f 물리적이상 최악: min=0.0Hz
2020-03-07 14:00:00,0.0,H2.T.Z34,f,f 물리적이상 최악: min=0.0Hz
2020-03-07 15:00:00,0.0,H2.T.Z34,f,f 물리적이상 최악: min=0.0Hz
2020-03-07 16:00:00,0.0,H2.T.Z34,f,f 물리적이상 최악: min=0.0Hz
2020-03-07 17:00:00,0.0,H2.T.Z34,f,f 물리적이상 최악: min=0.0Hz
2020-03-07 18:00:00,0.0,H2.T.Z34,f,f 물리적이상 최악: min=0.0Hz
2020-03-07 19:00:00,0.0,H2.T.Z34,f,f 물리적이상 최악: min=0.0Hz
2020-03-07 20:00:00,0.0,H2.T.Z34,f,f 물리적이상 최악: min=0.0Hz
2020-03-07 21:00:00,0.0,H2.T.Z34,f,f 물리적이상 최악: min=0.0Hz
2020-03-07 22:00:00,0.0,H2.T.Z34,f,f 물리적이상 최악: min=0.0Hz
2020-03-07 23:00:00,0.0,H2.T.Z34,f,f 물리적이상 최악: min=0.0Hz
2018-03-01 00:00:00,50.06791666666666,H2.Z65,f,f 통계적이상 최악: max=50.08Hz
2018-03-01 01:00:00,50.06908333333333,H2.Z65,f,f 통계적이상 최악: max=50.08Hz
2018-03-01 02:00:00,50.0735,H2.Z65,f,f 통계적이상 최악: max=50.08Hz
2018-03-01 03:00:00,50.06585416666667,H2.Z65,f,f 통계적이상 최악: max=50.08Hz
2018-03-01 04:00:00,50.066541666666666,H2.Z65,f,f 통계적이상 최악: max=50.08Hz
2018-03-01 05:00:00,50.067,H2.Z65,f,f 통계적이상 최악: max=50.08Hz
2018-03-01 06:00:00,50.078833333333336,H2.Z65,f,f 통계적이상 최악: max=50.08Hz
2018-03-01 07:00:00,50.06408333333333,H2.Z65,f,f 통계적이상 최악: max=50.08Hz
2018-03-01 08:00:00,50.0735,H2.Z65,f,f 통계적이상 최악: max=50.08Hz
2018-03-01 09:00:00,50.05266666666667,H2.Z65,f,f 통계적이상 최악: max=50.08Hz
2018-03-01 10:00:00,50.05558333333333,H2.Z65,f,f 통계적이상 최악: max=50.08Hz
2018-03-01 11:00:00,50.04466666666666,H2.Z65,f,f 통계적이상 최악: max=50.08Hz
2018-03-01 12:00:00,50.05591666666667,H2.Z65,f,f 통계적이상 최악: max=50.08Hz
2018-03-01 13:00:00,50.06644444444444,H2.Z65,f,f 통계적이상 최악: max=50.08Hz
2018-03-01 14:00:00,50.05338888888889,H2.Z65,f,f 통계적이상 최악: max=50.08Hz
2018-03-01 15:00:00,50.055416666666666,H2.Z65,f,f 통계적이상 최악: max=50.08Hz
2018-03-01 16:00:00,50.06375,H2.Z65,f,f 통계적이상 최악: max=50.08Hz
2018-03-01 17:00:00,50.070166666666665,H2.Z65,f,f 통계적이상 최악: max=50.08Hz
2018-03-01 18:00:00,50.0615,H2.Z65,f,f 통계적이상 최악: max=50.08Hz
2018-03-01 19:00:00,50.07533333333333,H2.Z65,f,f 통계적이상 최악: max=50.08Hz
2018-03-01 20:00:00,50.07458333333333,H2.Z65,f,f 통계적이상 최악: max=50.08Hz
2018-03-01 21:00:00,50.06491666666667,H2.Z65,f,f 통계적이상 최악: max=50.08Hz
2018-03-01 22:00:00,50.056083333333326,H2.Z65,f,f 통계적이상 최악: max=50.08Hz
2018-03-01 23:00:00,50.08341666666667,H2.Z65,f,f 통계적이상 최악: max=50.08Hz
2018-01-01 01:00:00,-16149.8,H2.Z64,WQ,WQ 물리적이상 최악: min=-303021 (전기간 음수)
2018-01-01 02:00:00,-16155.28,H2.Z64,WQ,WQ 물리적이상 최악: min=-303021 (전기간 음수)
2018-01-01 03:00:00,-16160.8,H2.Z64,WQ,WQ 물리적이상 최악: min=-303021 (전기간 음수)
2018-01-01 04:00:00,-16166.31,H2.Z64,WQ,WQ 물리적이상 최악: min=-303021 (전기간 음수)
2018-01-01 05:00:00,-16171.81,H2.Z64,WQ,WQ 물리적이상 최악: min=-303021 (전기간 음수)
2018-01-01 06:00:00,-16177.31,H2.Z64,WQ,WQ 물리적이상 최악: min=-303021 (전기간 음수)
2018-01-01 07:00:00,-16182.81,H2.Z64,WQ,WQ 물리적이상 최악: min=-303021 (전기간 음수)
2018-01-01 08:00:00,-16188.47,H2.Z64,WQ,WQ 물리적이상 최악: min=-303021 (전기간 음수)
2018-01-01 09:00:00,-16193.98,H2.Z64,WQ,WQ 물리적이상 최악: min=-303021 (전기간 음수)
2018-01-01 10:00:00,-16199.43,H2.Z64,WQ,WQ 물리적이상 최악: min=-303021 (전기간 음수)
2018-01-01 11:00:00,-16204.94,H2.Z64,WQ,WQ 물리적이상 최악: min=-303021 (전기간 음수)
2018-01-01 12:00:00,-16210.41,H2.Z64,WQ,WQ 물리적이상 최악: min=-303021 (전기간 음수)
2018-01-01 13:00:00,-16215.87,H2.Z64,WQ,WQ 물리적이상 최악: min=-303021 (전기간 음수)
2018-01-01 14:00:00,-16221.45,H2.Z64,WQ,WQ 물리적이상 최악: min=-303021 (전기간 음수)
2018-01-01 15:00:00,-16227.02,H2.Z64,WQ,WQ 물리적이상 최악: min=-303021 (전기간 음수)
2018-01-01 16:00:00,-16232.57,H2.Z64,WQ,WQ 물리적이상 최악: min=-303021 (전기간 음수)
2018-01-01 17:00:00,-16238.1,H2.Z64,WQ,WQ 물리적이상 최악: min=-303021 (전기간 음수)
2018-01-01 18:00:00,-16243.64,H2.Z64,WQ,WQ 물리적이상 최악: min=-303021 (전기간 음수)
2018-01-01 19:00:00,-16249.16,H2.Z64,WQ,WQ 물리적이상 최악: min=-303021 (전기간 음수)
2018-01-01 20:00:00,-16254.74,H2.Z64,WQ,WQ 물리적이상 최악: min=-303021 (전기간 음수)
2018-01-01 21:00:00,-16260.32,H2.Z64,WQ,WQ 물리적이상 최악: min=-303021 (전기간 음수)
2018-01-01 22:00:00,-16265.87,H2.Z64,WQ,WQ 물리적이상 최악: min=-303021 (전기간 음수)
2018-01-01 23:00:00,-16271.47,H2.Z64,WQ,WQ 물리적이상 최악: min=-303021 (전기간 음수)
2018-01-24 00:00:00,0.0956500114276863,H1.Z25,WQ_out,WQ_out 물리적이상 최악: min=-76.4
2018-01-24 01:00:00,0.096803966187311,H1.Z25,WQ_out,WQ_out 물리적이상 최악: min=-76.4
2018-01-24 02:00:00,0.1024987789578659,H1.Z25,WQ_out,WQ_out 물리적이상 최악: min=-76.4
2018-01-24 03:00:00,0.105781936321339,H1.Z25,WQ_out,WQ_out 물리적이상 최악: min=-76.4
2018-01-24 04:00:00,0.1092402052164533,H1.Z25,WQ_out,WQ_out 물리적이상 최악: min=-76.4
2018-01-24 05:00:00,0.1142086197267655,H1.Z25,WQ_out,WQ_out 물리적이상 최악: min=-76.4
2018-01-24 06:00:00,0.1221242656352483,H1.Z25,WQ_out,WQ_out 물리적이상 최악: min=-76.4
2018-01-24 07:00:00,-0.4542711482021859,H1.Z25,WQ_out,WQ_out 물리적이상 최악: min=-76.4
2018-01-24 08:00:00,-0.9369801153465732,H1.Z25,WQ_out,WQ_out 물리적이상 최악: min=-76.4
2018-01-24 09:00:00,-1.292172897833181,H1.Z25,WQ_out,WQ_out 물리적이상 최악: min=-76.4
2018-01-24 10:00:00,-1.5296059126837225,H1.Z25,WQ_out,WQ_out 물리적이상 최악: min=-76.4
2018-01-24 11:00:00,-1.6710815670036965,H1.Z25,WQ_out,WQ_out 물리적이상 최악: min=-76.4
2018-01-24 12:00:00,-1.8987007367483264,H1.Z25,WQ_out,WQ_out 물리적이상 최악: min=-76.4
2018-01-24 13:00:00,-2.129046187940352,H1.Z25,WQ_out,WQ_out 물리적이상 최악: min=-76.4
2018-01-24 14:00:00,-2.4804309687481574,H1.Z25,WQ_out,WQ_out 물리적이상 최악: min=-76.4
2018-01-24 15:00:00,-2.9746444121545075,H1.Z25,WQ_out,WQ_out 물리적이상 최악: min=-76.4
2018-01-24 16:00:00,-3.3468496517356883,H1.Z25,WQ_out,WQ_out 물리적이상 최악: min=-76.4
2018-01-24 17:00:00,-3.594823187777481,H1.Z25,WQ_out,WQ_out 물리적이상 최악: min=-76.4
2018-01-24 18:00:00,-3.859154657643453,H1.Z25,WQ_out,WQ_out 물리적이상 최악: min=-76.4
2018-01-24 19:00:00,-4.2160922635249225,H1.Z25,WQ_out,WQ_out 물리적이상 최악: min=-76.4
2018-01-24 20:00:00,-4.597590099280438,H1.Z25,WQ_out,WQ_out 물리적이상 최악: min=-76.4
2018-01-24 21:00:00,-4.590998616867188,H1.Z25,WQ_out,WQ_out 물리적이상 최악: min=-76.4
2018-01-24 22:00:00,-4.587990261221362,H1.Z25,WQ_out,WQ_out 물리적이상 최악: min=-76.4
2018-01-24 23:00:00,-4.582608707155787,H1.Z25,WQ_out,WQ_out 물리적이상 최악: min=-76.4
2023-12-22 00:00:00,1484.006630547466,H1.Z23,WQ_out,WQ_out 통계적이상 최악: max=1851
2023-12-22 01:00:00,1485.5566305474658,H1.Z23,WQ_out,WQ_out 통계적이상 최악: max=1851
2023-12-22 02:00:00,1487.1066305474658,H1.Z23,WQ_out,WQ_out 통계적이상 최악: max=1851
2023-12-22 03:00:00,1488.6366305474658,H1.Z23,WQ_out,WQ_out 통계적이상 최악: max=1851
2023-12-22 04:00:00,1490.2066305474657,H1.Z23,WQ_out,WQ_out 통계적이상 최악: max=1851
2023-12-22 05:00:00,1491.7366305474657,H1.Z23,WQ_out,WQ_out 통계적이상 최악: max=1851
2023-12-22 06:00:00,1493.256630547466,H1.Z23,WQ_out,WQ_out 통계적이상 최악: max=1851
2023-12-22 07:00:00,1494.776630547466,H1.Z23,WQ_out,WQ_out 통계적이상 최악: max=1851
2023-12-22 08:00:00,1496.3466305474658,H1.Z23,WQ_out,WQ_out 통계적이상 최악: max=1851
2023-12-22 09:00:00,1498.0766305474658,H1.Z23,WQ_out,WQ_out 통계적이상 최악: max=1851
2023-12-22 10:00:00,1499.8166305474658,H1.Z23,WQ_out,WQ_out 통계적이상 최악: max=1851
2023-12-22 11:00:00,1501.5866305474658,H1.Z23,WQ_out,WQ_out 통계적이상 최악: max=1851
2023-12-22 12:00:00,1503.3566305474658,H1.Z23,WQ_out,WQ_out 통계적이상 최악: max=1851
2023-12-22 13:00:00,1505.1266305474658,H1.Z23,WQ_out,WQ_out 통계적이상 최악: max=1851
2023-12-22 14:00:00,1506.9066305474655,H1.Z23,WQ_out,WQ_out 통계적이상 최악: max=1851
2023-12-22 15:00:00,1508.4566305474657,H1.Z23,WQ_out,WQ_out 통계적이상 최악: max=1851
2023-12-22 16:00:00,1509.9966305474657,H1.Z23,WQ_out,WQ_out 통계적이상 최악: max=1851
2023-12-22 17:00:00,1511.526630547466,H1.Z23,WQ_out,WQ_out 통계적이상 최악: max=1851
2023-12-22 18:00:00,1513.0466305474658,H1.Z23,WQ_out,WQ_out 통계적이상 최악: max=1851
2023-12-22 19:00:00,1514.5766305474658,H1.Z23,WQ_out,WQ_out 통계적이상 최악: max=1851
2023-12-22 20:00:00,1516.1066305474658,H1.Z23,WQ_out,WQ_out 통계적이상 최악: max=1851
2023-12-22 21:00:00,1517.6366305474658,H1.Z23,WQ_out,WQ_out 통계적이상 최악: max=1851
2023-12-22 22:00:00,1519.1866305474657,H1.Z23,WQ_out,WQ_out 통계적이상 최악: max=1851
2023-12-22 23:00:00,1520.7366305474657,H1.Z23,WQ_out,WQ_out 통계적이상 최악: max=1851
2022-05-20 00:00:00,0.02,H2.Z65,W_out,W_out 물리적이상 최악: min=-0.048
2022-05-20 01:00:00,0.02,H2.Z65,W_out,W_out 물리적이상 최악: min=-0.048
2022-05-20 02:00:00,0.02,H2.Z65,W_out,W_out 물리적이상 최악: min=-0.048
2022-05-20 03:00:00,0.02,H2.Z65,W_out,W_out 물리적이상 최악: min=-0.048
2022-05-20 04:00:00,0.02,H2.Z65,W_out,W_out 물리적이상 최악: min=-0.048
2022-05-20 05:00:00,0.02,H2.Z65,W_out,W_out 물리적이상 최악: min=-0.048
2022-05-20 06:00:00,0.02,H2.Z65,W_out,W_out 물리적이상 최악: min=-0.048
2022-05-20 07:00:00,0.02,H2.Z65,W_out,W_out 물리적이상 최악: min=-0.048
2022-05-20 08:00:00,0.02,H2.Z65,W_out,W_out 물리적이상 최악: min=-0.048
2022-05-20 09:00:00,0.02,H2.Z65,W_out,W_out 물리적이상 최악: min=-0.048
2022-05-20 10:00:00,0.02,H2.Z65,W_out,W_out 물리적이상 최악: min=-0.048
2022-05-20 11:00:00,0.02,H2.Z65,W_out,W_out 물리적이상 최악: min=-0.048
2022-05-20 12:00:00,0.02,H2.Z65,W_out,W_out 물리적이상 최악: min=-0.048
2022-05-20 13:00:00,-0.0479775833333333,H2.Z65,W_out,W_out 물리적이상 최악: min=-0.048
2022-05-20 14:00:00,-0.0479775833333333,H2.Z65,W_out,W_out 물리적이상 최악: min=-0.048
2022-05-20 15:00:00,-0.0479775833333333,H2.Z65,W_out,W_out 물리적이상 최악: min=-0.048
2022-05-20 16:00:00,-0.0479775833333333,H2.Z65,W_out,W_out 물리적이상 최악: min=-0.048
2022-05-20 17:00:00,-0.0479775833333333,H2.Z65,W_out,W_out 물리적이상 최악: min=-0.048
2022-05-20 18:00:00,-0.0479775833333333,H2.Z65,W_out,W_out 물리적이상 최악: min=-0.048
2022-05-20 19:00:00,-0.0479775833333333,H2.Z65,W_out,W_out 물리적이상 최악: min=-0.048
2022-05-20 20:00:00,-0.0479775833333333,H2.Z65,W_out,W_out 물리적이상 최악: min=-0.048
2022-05-20 21:00:00,-0.0479775833333333,H2.Z65,W_out,W_out 물리적이상 최악: min=-0.048
2022-05-20 22:00:00,-0.0479775833333333,H2.Z65,W_out,W_out 물리적이상 최악: min=-0.048
2022-05-20 23:00:00,-0.0479775833333333,H2.Z65,W_out,W_out 물리적이상 최악: min=-0.048
2018-01-17 00:00:00,117278138.0,H1.Z28,W_out,W_out 통계적이상 최악: max=117463048
2018-01-17 01:00:00,117285880.0,H1.Z28,W_out,W_out 통계적이상 최악: max=117463048
2018-01-17 02:00:00,117311432.0,H1.Z28,W_out,W_out 통계적이상 최악: max=117463048
2018-01-17 03:00:00,117326085.86666666,H1.Z28,W_out,W_out 통계적이상 최악: max=117463048
2018-01-17 04:00:00,117343720.0,H1.Z28,W_out,W_out 통계적이상 최악: max=117463048
2018-01-17 05:00:00,117368614.0,H1.Z28,W_out,W_out 통계적이상 최악: max=117463048
2018-01-17 06:00:00,117407302.66666669,H1.Z28,W_out,W_out 통계적이상 최악: max=117463048
2018-01-17 07:00:00,117434699.11864407,H1.Z28,W_out,W_out 통계적이상 최악: max=117463048
2018-01-17 08:00:00,117458678.4,H1.Z28,W_out,W_out 통계적이상 최악: max=117463048
2018-01-17 09:00:00,117463048.0,H1.Z28,W_out,W_out 통계적이상 최악: max=117463048
2018-01-17 10:00:00,117463048.0,H1.Z28,W_out,W_out 통계적이상 최악: max=117463048
2018-01-17 11:00:00,117463048.0,H1.Z28,W_out,W_out 통계적이상 최악: max=117463048
2018-01-17 12:00:00,127611.27533333332,H1.Z28,W_out,W_out 통계적이상 최악: max=117463048
2018-01-17 13:00:00,127632.56133333336,H1.Z28,W_out,W_out 통계적이상 최악: max=117463048
2018-01-17 14:00:00,127658.53133333332,H1.Z28,W_out,W_out 통계적이상 최악: max=117463048
2018-01-17 15:00:00,127684.407,H1.Z28,W_out,W_out 통계적이상 최악: max=117463048
2018-01-17 16:00:00,127704.18133333333,H1.Z28,W_out,W_out 통계적이상 최악: max=117463048
2018-01-17 17:00:00,127710.276,H1.Z28,W_out,W_out 통계적이상 최악: max=117463048
2018-01-17 18:00:00,127710.276,H1.Z28,W_out,W_out 통계적이상 최악: max=117463048
2018-01-17 19:00:00,127710.276,H1.Z28,W_out,W_out 통계적이상 최악: max=117463048
2018-01-17 20:00:00,127732.238,H1.Z28,W_out,W_out 통계적이상 최악: max=117463048
2018-01-17 21:00:00,127766.763,H1.Z28,W_out,W_out 통계적이상 최악: max=117463048
2018-01-17 22:00:00,127784.692,H1.Z28,W_out,W_out 통계적이상 최악: max=117463048
2018-01-17 23:00:00,127806.34866666666,H1.Z28,W_out,W_out 통계적이상 최악: max=117463048
2018-01-01 01:00:00,571017715.2,H1.Z17,W_in,W_in 통계적이상 최악: max=591144922
2018-01-01 02:00:00,571064057.6,H1.Z17,W_in,W_in 통계적이상 최악: max=591144922
2018-01-01 03:00:00,571110387.2,H1.Z17,W_in,W_in 통계적이상 최악: max=591144922
2018-01-01 04:00:00,571156467.2,H1.Z17,W_in,W_in 통계적이상 최악: max=591144922
2018-01-01 05:00:00,571202752.0,H1.Z17,W_in,W_in 통계적이상 최악: max=591144922
2018-01-01 06:00:00,571249344.0,H1.Z17,W_in,W_in 통계적이상 최악: max=591144922
2018-01-01 07:00:00,571295680.0,H1.Z17,W_in,W_in 통계적이상 최악: max=591144922
2018-01-01 08:00:00,571342144.0,H1.Z17,W_in,W_in 통계적이상 최악: max=591144922
2018-01-01 09:00:00,571388288.0,H1.Z17,W_in,W_in 통계적이상 최악: max=591144922
2018-01-01 10:00:00,571433280.0,H1.Z17,W_in,W_in 통계적이상 최악: max=591144922
2018-01-01 11:00:00,571478208.0,H1.Z17,W_in,W_in 통계적이상 최악: max=591144922
2018-01-01 12:00:00,571523392.0,H1.Z17,W_in,W_in 통계적이상 최악: max=591144922
2018-01-01 13:00:00,571568256.0,H1.Z17,W_in,W_in 통계적이상 최악: max=591144922
2018-01-01 14:00:00,571613248.0,H1.Z17,W_in,W_in 통계적이상 최악: max=591144922
2018-01-01 15:00:00,571658432.0,H1.Z17,W_in,W_in 통계적이상 최악: max=591144922
2018-01-01 16:00:00,571703424.0,H1.Z17,W_in,W_in 통계적이상 최악: max=591144922
2018-01-01 17:00:00,571748800.0,H1.Z17,W_in,W_in 통계적이상 최악: max=591144922
2018-01-01 18:00:00,571795520.0,H1.Z17,W_in,W_in 통계적이상 최악: max=591144922
2018-01-01 19:00:00,571842618.6666666,H1.Z17,W_in,W_in 통계적이상 최악: max=591144922
2018-01-01 20:00:00,571889728.0,H1.Z17,W_in,W_in 통계적이상 최악: max=591144922
2018-01-01 21:00:00,571937600.0,H1.Z17,W_in,W_in 통계적이상 최악: max=591144922
2018-01-01 22:00:00,571984448.0,H1.Z17,W_in,W_in 통계적이상 최악: max=591144922
2018-01-01 23:00:00,572031296.0,H1.Z17,W_in,W_in 통계적이상 최악: max=591144922
2018-03-02 00:00:00,1196.48,H1.Z19,W,W 물리적이상 최악: min=-161.2
2018-03-02 01:00:00,1198.29,H1.Z19,W,W 물리적이상 최악: min=-161.2
2018-03-02 02:00:00,1200.08,H1.Z19,W,W 물리적이상 최악: min=-161.2
2018-03-02 03:00:00,1201.84,H1.Z19,W,W 물리적이상 최악: min=-161.2
2018-03-02 04:00:00,1203.56,H1.Z19,W,W 물리적이상 최악: min=-161.2
2018-03-02 05:00:00,1205.25,H1.Z19,W,W 물리적이상 최악: min=-161.2
2018-03-02 06:00:00,1206.93,H1.Z19,W,W 물리적이상 최악: min=-161.2
2018-03-02 07:00:00,1208.63,H1.Z19,W,W 물리적이상 최악: min=-161.2
2018-03-02 08:00:00,1210.36,H1.Z19,W,W 물리적이상 최악: min=-161.2
2018-03-02 09:00:00,1211.45,H1.Z19,W,W 물리적이상 최악: min=-161.2
2018-03-02 10:00:00,-161.18000000000006,H1.Z19,W,W 물리적이상 최악: min=-161.2
2018-03-02 11:00:00,-161.20000000000005,H1.Z19,W,W 물리적이상 최악: min=-161.2
2018-03-02 12:00:00,-152.57000000000016,H1.Z19,W,W 물리적이상 최악: min=-161.2
2018-03-02 13:00:00,-151.67000000000007,H1.Z19,W,W 물리적이상 최악: min=-161.2
2018-03-02 14:00:00,-150.09000000000017,H1.Z19,W,W 물리적이상 최악: min=-161.2
2018-03-02 15:00:00,-148.5,H1.Z19,W,W 물리적이상 최악: min=-161.2
2018-03-02 16:00:00,-146.92000000000007,H1.Z19,W,W 물리적이상 최악: min=-161.2
2018-03-02 17:00:00,-145.34000000000017,H1.Z19,W,W 물리적이상 최악: min=-161.2
2018-03-02 18:00:00,-143.76,H1.Z19,W,W 물리적이상 최악: min=-161.2
2018-03-02 19:00:00,-142.18000000000006,H1.Z19,W,W 물리적이상 최악: min=-161.2
2018-03-02 20:00:00,-141.3800000000001,H1.Z19,W,W 물리적이상 최악: min=-161.2
2018-03-02 21:00:00,-141.32000000000016,H1.Z19,W,W 물리적이상 최악: min=-161.2
2018-03-02 22:00:00,-141.26,H1.Z19,W,W 물리적이상 최악: min=-161.2
2018-03-02 23:00:00,-141.20000000000005,H1.Z19,W,W 물리적이상 최악: min=-161.2
2018-01-03 07:00:00,1627.76,H2.T.Z30,WQ_in,WQ_in 통계적이상 최악: max=2288
2018-01-03 08:00:00,1628.49,H2.T.Z30,WQ_in,WQ_in 통계적이상 최악: max=2288
2018-01-03 09:00:00,1629.22,H2.T.Z30,WQ_in,WQ_in 통계적이상 최악: max=2288
2018-01-03 10:00:00,1631.27,H2.T.Z30,WQ_in,WQ_in 통계적이상 최악: max=2288
2018-01-03 11:00:00,1633.32,H2.T.Z30,WQ_in,WQ_in 통계적이상 최악: max=2288
2018-01-03 12:00:00,1636.69,H2.T.Z30,WQ_in,WQ_in 통계적이상 최악: max=2288
2018-01-03 13:00:00,1639.87,H2.T.Z30,WQ_in,WQ_in 통계적이상 최악: max=2288
2018-01-03 14:00:00,1642.14,H2.T.Z30,WQ_in,WQ_in 통계적이상 최악: max=2288
2018-01-03 15:00:00,1643.95,H2.T.Z30,WQ_in,WQ_in 통계적이상 최악: max=2288
2018-01-03 16:00:00,1645.11,H2.T.Z30,WQ_in,WQ_in 통계적이상 최악: max=2288
2018-01-03 17:00:00,1646.83,H2.T.Z30,WQ_in,WQ_in 통계적이상 최악: max=2288
2018-01-03 18:00:00,1648.35,H2.T.Z30,WQ_in,WQ_in 통계적이상 최악: max=2288
2018-01-03 19:00:00,1648.84,H2.T.Z30,WQ_in,WQ_in 통계적이상 최악: max=2288
2018-01-03 20:00:00,1648.93,H2.T.Z30,WQ_in,WQ_in 통계적이상 최악: max=2288
2018-01-03 21:00:00,1648.93,H2.T.Z30,WQ_in,WQ_in 통계적이상 최악: max=2288
2018-01-03 22:00:00,1648.93,H2.T.Z30,WQ_in,WQ_in 통계적이상 최악: max=2288
2018-01-03 23:00:00,1648.93,H2.T.Z30,WQ_in,WQ_in 통계적이상 최악: max=2288
2022-03-22 16:00:00,-1249.6389395024823,H2.ZE65,W3,W3 물리적이상 최악: min=-3081.3
2022-03-22 17:00:00,-1253.684130678953,H2.ZE65,W3,W3 물리적이상 최악: min=-3081.3
2022-03-22 18:00:00,-1257.681905565831,H2.ZE65,W3,W3 물리적이상 최악: min=-3081.3
2022-03-22 19:00:00,-1261.7602757581385,H2.ZE65,W3,W3 물리적이상 최악: min=-3081.3
2022-03-22 20:00:00,-1265.8040828848352,H2.ZE65,W3,W3 물리적이상 최악: min=-3081.3
2022-03-22 21:00:00,-1269.7888980108858,H2.ZE65,W3,W3 물리적이상 최악: min=-3081.3
2022-03-22 22:00:00,-1273.7925263591,H2.ZE65,W3,W3 물리적이상 최악: min=-3081.3
2022-03-22 23:00:00,-1277.8656074889077,H2.ZE65,W3,W3 물리적이상 최악: min=-3081.3
2022-11-23 17:00:00,10336.4004375,V.ZE84,W3,W3 통계적이상 최악: max=10358
2022-11-23 18:00:00,10336.309619791668,V.ZE84,W3,W3 통계적이상 최악: max=10358
2022-11-23 19:00:00,10336.2183125,V.ZE84,W3,W3 통계적이상 최악: max=10358
2022-11-23 20:00:00,10336.1273125,V.ZE84,W3,W3 통계적이상 최악: max=10358
2022-11-23 21:00:00,10336.03595,V.ZE84,W3,W3 통계적이상 최악: max=10358
2022-11-23 22:00:00,10335.943885416667,V.ZE84,W3,W3 통계적이상 최악: max=10358
2022-11-23 23:00:00,10335.85173125,V.ZE84,W3,W3 통계적이상 최악: max=10358
2022-03-18 16:00:00,-0.27485811360677,H2.ZE74,W2,W2 물리적이상 최악: min=-1.90
2022-03-18 17:00:00,-0.3288653971354183,H2.ZE74,W2,W2 물리적이상 최악: min=-1.90
2022-03-18 18:00:00,-0.38419716389974,H2.ZE74,W2,W2 물리적이상 최악: min=-1.90
2022-03-18 19:00:00,-0.43949724121094,H2.ZE74,W2,W2 물리적이상 최악: min=-1.90
2022-03-18 20:00:00,-0.4939673828124999,H2.ZE74,W2,W2 물리적이상 최악: min=-1.90
2022-03-18 21:00:00,-0.549820141601562,H2.ZE74,W2,W2 물리적이상 최악: min=-1.90
2022-03-18 22:00:00,-0.60694953613281,H2.ZE74,W2,W2 물리적이상 최악: min=-1.90
2022-03-18 23:00:00,-0.661027343750002,H2.ZE74,W2,W2 물리적이상 최악: min=-1.90
2018-01-30 00:00:00,1266.9538333333333,H2.T.Z34,Q,Q 물리적이상 최악: min=-24509VAR
2018-01-30 01:00:00,1007.747,H2.T.Z34,Q,Q 물리적이상 최악: min=-24509VAR
2018-01-30 02:00:00,-172.1911666666667,H2.T.Z34,Q,Q 물리적이상 최악: min=-24509VAR
2018-01-30 03:00:00,1183.6855,H2.T.Z34,Q,Q 물리적이상 최악: min=-24509VAR
2018-01-30 04:00:00,203.43983333333335,H2.T.Z34,Q,Q 물리적이상 최악: min=-24509VAR
2018-01-30 05:00:00,-253.75250000000003,H2.T.Z34,Q,Q 물리적이상 최악: min=-24509VAR
2018-01-30 06:00:00,-131.2094999999999,H2.T.Z34,Q,Q 물리적이상 최악: min=-24509VAR
2018-01-30 07:00:00,12676.746666666668,H2.T.Z34,Q,Q 물리적이상 최악: min=-24509VAR
2018-01-30 08:00:00,11374.540166666668,H2.T.Z34,Q,Q 물리적이상 최악: min=-24509VAR
2018-01-30 09:00:00,12895.324333333332,H2.T.Z34,Q,Q 물리적이상 최악: min=-24509VAR
2018-01-30 10:00:00,13085.798833333334,H2.T.Z34,Q,Q 물리적이상 최악: min=-24509VAR
2018-01-30 11:00:00,13390.122166666666,H2.T.Z34,Q,Q 물리적이상 최악: min=-24509VAR
2018-01-30 12:00:00,17575.6915,H2.T.Z34,Q,Q 물리적이상 최악: min=-24509VAR
2018-01-30 13:00:00,17548.988333333335,H2.T.Z34,Q,Q 물리적이상 최악: min=-24509VAR
2018-01-30 14:00:00,16091.601333333332,H2.T.Z34,Q,Q 물리적이상 최악: min=-24509VAR
2018-01-30 15:00:00,15029.440666666667,H2.T.Z34,Q,Q 물리적이상 최악: min=-24509VAR
2018-01-30 16:00:00,14772.059666666666,H2.T.Z34,Q,Q 물리적이상 최악: min=-24509VAR
2018-01-30 17:00:00,12794.550333333334,H2.T.Z34,Q,Q 물리적이상 최악: min=-24509VAR
2018-01-30 18:00:00,12329.461333333336,H2.T.Z34,Q,Q 물리적이상 최악: min=-24509VAR
2018-01-30 19:00:00,1473.400666666667,H2.T.Z34,Q,Q 물리적이상 최악: min=-24509VAR
2018-01-30 20:00:00,673.2988333333334,H2.T.Z34,Q,Q 물리적이상 최악: min=-24509VAR
2018-01-30 21:00:00,1027.453,H2.T.Z34,Q,Q 물리적이상 최악: min=-24509VAR
2018-01-30 22:00:00,437.7121666666666,H2.T.Z34,Q,Q 물리적이상 최악: min=-24509VAR
2018-01-30 23:00:00,180.13716666666676,H2.T.Z34,Q,Q 물리적이상 최악: min=-24509VAR
2019-08-27 00:00:00,21739.05289644044,H2.T.Z33,Q,Q 통계적이상 최악: max=87165VAR
2019-08-27 01:00:00,18270.41617692795,H2.T.Z33,Q,Q 통계적이상 최악: max=87165VAR
2019-08-27 02:00:00,17340.561671274623,H2.T.Z33,Q,Q 통계적이상 최악: max=87165VAR
2019-08-27 03:00:00,16571.378350650302,H2.T.Z33,Q,Q 통계적이상 최악: max=87165VAR
2019-08-27 04:00:00,17363.114182307283,H2.T.Z33,Q,Q 통계적이상 최악: max=87165VAR
2019-08-27 05:00:00,17406.497249855533,H2.T.Z33,Q,Q 통계적이상 최악: max=87165VAR
2019-08-27 06:00:00,7508.773373274575,H2.T.Z33,Q,Q 통계적이상 최악: max=87165VAR
2019-08-27 07:00:00,9068.772271374684,H2.T.Z33,Q,Q 통계적이상 최악: max=87165VAR
2019-08-27 08:00:00,19971.226109915573,H2.T.Z33,Q,Q 통계적이상 최악: max=87165VAR
2019-08-27 09:00:00,26942.9048578388,H2.T.Z33,Q,Q 통계적이상 최악: max=87165VAR
2019-08-27 10:00:00,28065.529988099755,H2.T.Z33,Q,Q 통계적이상 최악: max=87165VAR
2019-08-27 11:00:00,34349.64815039519,H2.T.Z33,Q,Q 통계적이상 최악: max=87165VAR
2019-08-27 12:00:00,37817.910911200815,H2.T.Z33,Q,Q 통계적이상 최악: max=87165VAR
2019-08-27 13:00:00,40907.259542077656,H2.T.Z33,Q,Q 통계적이상 최악: max=87165VAR
2019-08-27 14:00:00,39627.32754283017,H2.T.Z33,Q,Q 통계적이상 최악: max=87165VAR
2019-08-27 15:00:00,45482.54986346906,H2.T.Z33,Q,Q 통계적이상 최악: max=87165VAR
2019-08-27 16:00:00,34506.509150787344,H2.T.Z33,Q,Q 통계적이상 최악: max=87165VAR
2019-08-27 17:00:00,37572.75577690468,H2.T.Z33,Q,Q 통계적이상 최악: max=87165VAR
2019-08-27 18:00:00,39273.065476872165,H2.T.Z33,Q,Q 통계적이상 최악: max=87165VAR
2019-08-27 19:00:00,33619.36233748927,H2.T.Z33,Q,Q 통계적이상 최악: max=87165VAR
2019-08-27 20:00:00,31363.68937994311,H2.T.Z33,Q,Q 통계적이상 최악: max=87165VAR
2019-08-27 21:00:00,23204.373623620293,H2.T.Z33,Q,Q 통계적이상 최악: max=87165VAR
2019-08-27 22:00:00,22043.925646881828,H2.T.Z33,Q,Q 통계적이상 최악: max=87165VAR
2019-08-27 23:00:00,22129.40075498855,H2.T.Z33,Q,Q 통계적이상 최악: max=87165VAR
2018-01-22 00:00:00,-3405.1666666666665,H1.K15,Tdiff,Tdiff 물리적이상 최악(냉각): min=-18963mK
2018-01-22 01:00:00,-3515.5,H1.K15,Tdiff,Tdiff 물리적이상 최악(냉각): min=-18963mK
2018-01-22 02:00:00,-3523.1666666666665,H1.K15,Tdiff,Tdiff 물리적이상 최악(냉각): min=-18963mK
2018-01-22 03:00:00,-3420.1666666666665,H1.K15,Tdiff,Tdiff 물리적이상 최악(냉각): min=-18963mK
2018-01-22 04:00:00,-3450.1666666666665,H1.K15,Tdiff,Tdiff 물리적이상 최악(냉각): min=-18963mK
2018-01-22 05:00:00,-3517.0,H1.K15,Tdiff,Tdiff 물리적이상 최악(냉각): min=-18963mK
2018-01-22 06:00:00,-3760.5,H1.K15,Tdiff,Tdiff 물리적이상 최악(냉각): min=-18963mK
2018-01-22 07:00:00,-3469.1666666666665,H1.K15,Tdiff,Tdiff 물리적이상 최악(냉각): min=-18963mK
2018-01-22 08:00:00,-3495.25,H1.K15,Tdiff,Tdiff 물리적이상 최악(냉각): min=-18963mK
2018-01-22 09:00:00,-3581.083333333333,H1.K15,Tdiff,Tdiff 물리적이상 최악(냉각): min=-18963mK
2018-01-22 10:00:00,-790.5,H1.K15,Tdiff,Tdiff 물리적이상 최악(냉각): min=-18963mK
2018-01-22 11:00:00,553.25,H1.K15,Tdiff,Tdiff 물리적이상 최악(냉각): min=-18963mK
2018-01-22 12:00:00,1062.8333333333333,H1.K15,Tdiff,Tdiff 물리적이상 최악(냉각): min=-18963mK
2018-01-22 13:00:00,1421.5,H1.K15,Tdiff,Tdiff 물리적이상 최악(냉각): min=-18963mK
2018-01-22 14:00:00,975.9166666666666,H1.K15,Tdiff,Tdiff 물리적이상 최악(냉각): min=-18963mK
2018-01-22 15:00:00,813.0,H1.K15,Tdiff,Tdiff 물리적이상 최악(냉각): min=-18963mK
2018-01-22 16:00:00,-856.1666666666666,H1.K15,Tdiff,Tdiff 물리적이상 최악(냉각): min=-18963mK
2018-01-22 17:00:00,-2469.5,H1.K15,Tdiff,Tdiff 물리적이상 최악(냉각): min=-18963mK
2018-01-22 18:00:00,-2991.5,H1.K15,Tdiff,Tdiff 물리적이상 최악(냉각): min=-18963mK
2018-01-22 19:00:00,-3279.333333333333,H1.K15,Tdiff,Tdiff 물리적이상 최악(냉각): min=-18963mK
2018-01-22 20:00:00,-3316.583333333333,H1.K15,Tdiff,Tdiff 물리적이상 최악(냉각): min=-18963mK
2018-01-22 21:00:00,-3230.333333333333,H1.K15,Tdiff,Tdiff 물리적이상 최악(냉각): min=-18963mK
2018-01-22 22:00:00,-3255.857142857143,H1.K15,Tdiff,Tdiff 물리적이상 최악(냉각): min=-18963mK
2018-01-22 23:00:00,-3281.333333333333,H1.K15,Tdiff,Tdiff 물리적이상 최악(냉각): min=-18963mK
2023-09-21 00:00:00,2811.333333333333,H1.W11,Tdiff,Tdiff 통계적이상 최악(난방): max=38713mK
2023-09-21 01:00:00,389.9166666666667,H1.W11,Tdiff,Tdiff 통계적이상 최악(난방): max=38713mK
2023-09-21 02:00:00,799.0833333333334,H1.W11,Tdiff,Tdiff 통계적이상 최악(난방): max=38713mK
2023-09-21 03:00:00,560.1666666666666,H1.W11,Tdiff,Tdiff 통계적이상 최악(난방): max=38713mK
2023-09-21 04:00:00,988.5833333333334,H1.W11,Tdiff,Tdiff 통계적이상 최악(난방): max=38713mK
2023-09-21 05:00:00,5763.25,H1.W11,Tdiff,Tdiff 통계적이상 최악(난방): max=38713mK
2023-09-21 06:00:00,22265.666666666668,H1.W11,Tdiff,Tdiff 통계적이상 최악(난방): max=38713mK
2023-09-21 07:00:00,8620.25,H1.W11,Tdiff,Tdiff 통계적이상 최악(난방): max=38713mK
2023-09-21 08:00:00,2950.0,H1.W11,Tdiff,Tdiff 통계적이상 최악(난방): max=38713mK
2023-09-21 09:00:00,1243.4166666666667,H1.W11,Tdiff,Tdiff 통계적이상 최악(난방): max=38713mK
2023-09-21 10:00:00,759.1666666666666,H1.W11,Tdiff,Tdiff 통계적이상 최악(난방): max=38713mK
2023-09-21 11:00:00,-165.83333333333334,H1.W11,Tdiff,Tdiff 통계적이상 최악(난방): max=38713mK
2023-09-21 12:00:00,-237.33333333333331,H1.W11,Tdiff,Tdiff 통계적이상 최악(난방): max=38713mK
2023-09-21 13:00:00,-273.0,H1.W11,Tdiff,Tdiff 통계적이상 최악(난방): max=38713mK
2023-09-21 14:00:00,-288.5833333333333,H1.W11,Tdiff,Tdiff 통계적이상 최악(난방): max=38713mK
2023-09-21 15:00:00,-319.6666666666667,H1.W11,Tdiff,Tdiff 통계적이상 최악(난방): max=38713mK
2023-09-21 16:00:00,-333.25,H1.W11,Tdiff,Tdiff 통계적이상 최악(난방): max=38713mK
2023-09-21 17:00:00,-337.0833333333333,H1.W11,Tdiff,Tdiff 통계적이상 최악(난방): max=38713mK
2023-09-21 18:00:00,-341.1666666666667,H1.W11,Tdiff,Tdiff 통계적이상 최악(난방): max=38713mK
2023-09-21 19:00:00,-341.25,H1.W11,Tdiff,Tdiff 통계적이상 최악(난방): max=38713mK
2023-09-21 20:00:00,2934.75,H1.W11,Tdiff,Tdiff 통계적이상 최악(난방): max=38713mK
2023-09-21 21:00:00,1849.6666666666667,H1.W11,Tdiff,Tdiff 통계적이상 최악(난방): max=38713mK
2023-09-21 22:00:00,155.25,H1.W11,Tdiff,Tdiff 통계적이상 최악(난방): max=38713mK
2023-09-21 23:00:00,69.75,H1.W11,Tdiff,Tdiff 통계적이상 최악(난방): max=38713mK
2018-02-23 00:00:00,10.341666666666669,H1.K15,Trl,Trl 물리적이상 최악: min=-151.8°C
2018-02-23 01:00:00,11.525,H1.K15,Trl,Trl 물리적이상 최악: min=-151.8°C
2018-02-23 02:00:00,11.033333333333331,H1.K15,Trl,Trl 물리적이상 최악: min=-151.8°C
2018-02-23 03:00:00,11.083333333333334,H1.K15,Trl,Trl 물리적이상 최악: min=-151.8°C
2018-02-23 04:00:00,11.758333333333333,H1.K15,Trl,Trl 물리적이상 최악: min=-151.8°C
2018-02-23 05:00:00,10.375,H1.K15,Trl,Trl 물리적이상 최악: min=-151.8°C
2018-02-23 06:00:00,12.24205137343056,H1.K15,Trl,Trl 물리적이상 최악: min=-151.8°C
2018-02-23 07:00:00,13.041666666666666,H1.K15,Trl,Trl 물리적이상 최악: min=-151.8°C
2018-02-23 08:00:00,13.041666666666666,H1.K15,Trl,Trl 물리적이상 최악: min=-151.8°C
2018-02-23 09:00:00,13.041666666666666,H1.K15,Trl,Trl 물리적이상 최악: min=-151.8°C
2018-02-23 10:00:00,12.5,H1.K15,Trl,Trl 물리적이상 최악: min=-151.8°C
2018-02-23 11:00:00,-151.80833333333334,H1.K15,Trl,Trl 물리적이상 최악: min=-151.8°C
2018-02-23 12:00:00,-43.61666666666667,H1.K15,Trl,Trl 물리적이상 최악: min=-151.8°C
2018-02-23 13:00:00,12.983333333333333,H1.K15,Trl,Trl 물리적이상 최악: min=-151.8°C
2018-02-23 14:00:00,13.133333333333333,H1.K15,Trl,Trl 물리적이상 최악: min=-151.8°C
2018-02-23 15:00:00,12.9,H1.K15,Trl,Trl 물리적이상 최악: min=-151.8°C
2018-02-23 16:00:00,12.966666666666669,H1.K15,Trl,Trl 물리적이상 최악: min=-151.8°C
2018-02-23 17:00:00,13.0,H1.K15,Trl,Trl 물리적이상 최악: min=-151.8°C
2018-02-23 18:00:00,13.333333333333334,H1.K15,Trl,Trl 물리적이상 최악: min=-151.8°C
2018-02-23 19:00:00,13.0,H1.K15,Trl,Trl 물리적이상 최악: min=-151.8°C
2018-02-23 20:00:00,13.183333333333334,H1.K15,Trl,Trl 물리적이상 최악: min=-151.8°C
2018-02-23 21:00:00,13.0,H1.K15,Trl,Trl 물리적이상 최악: min=-151.8°C
2018-02-23 22:00:00,12.716666666666669,H1.K15,Trl,Trl 물리적이상 최악: min=-151.8°C
2018-02-23 23:00:00,10.716666666666669,H1.K15,Trl,Trl 물리적이상 최악: min=-151.8°C
2023-08-01 00:00:00,40.0,H1.W11,Trl,Trl 통계적이상 최악: max=63.2°C
2023-08-01 01:00:00,39.75,H1.W11,Trl,Trl 통계적이상 최악: max=63.2°C
2023-08-01 02:00:00,39.0,H1.W11,Trl,Trl 통계적이상 최악: max=63.2°C
2023-08-01 03:00:00,38.43333333333333,H1.W11,Trl,Trl 통계적이상 최악: max=63.2°C
2023-08-01 04:00:00,38.0,H1.W11,Trl,Trl 통계적이상 최악: max=63.2°C
2023-08-01 05:00:00,37.04166666666666,H1.W11,Trl,Trl 통계적이상 최악: max=63.2°C
2023-08-01 06:00:00,37.43888888888889,H1.W11,Trl,Trl 통계적이상 최악: max=63.2°C
2023-08-01 07:00:00,55.81111111111111,H1.W11,Trl,Trl 통계적이상 최악: max=63.2°C
2023-08-01 08:00:00,54.641666666666666,H1.W11,Trl,Trl 통계적이상 최악: max=63.2°C
2023-08-01 09:00:00,51.575,H1.W11,Trl,Trl 통계적이상 최악: max=63.2°C
2023-08-01 10:00:00,48.86666666666667,H1.W11,Trl,Trl 통계적이상 최악: max=63.2°C
2023-08-01 11:00:00,48.0,H1.W11,Trl,Trl 통계적이상 최악: max=63.2°C
2023-08-01 12:00:00,47.10833333333333,H1.W11,Trl,Trl 통계적이상 최악: max=63.2°C
2023-08-01 13:00:00,45.73333333333333,H1.W11,Trl,Trl 통계적이상 최악: max=63.2°C
2023-08-01 14:00:00,44.94166666666667,H1.W11,Trl,Trl 통계적이상 최악: max=63.2°C
2023-08-01 15:00:00,40.775,H1.W11,Trl,Trl 통계적이상 최악: max=63.2°C
2023-08-01 16:00:00,37.85833333333333,H1.W11,Trl,Trl 통계적이상 최악: max=63.2°C
2023-08-01 17:00:00,36.91666666666666,H1.W11,Trl,Trl 통계적이상 최악: max=63.2°C
2023-08-01 18:00:00,35.833333333333336,H1.W11,Trl,Trl 통계적이상 최악: max=63.2°C
2023-08-01 19:00:00,34.85,H1.W11,Trl,Trl 통계적이상 최악: max=63.2°C
2023-08-01 20:00:00,33.93333333333333,H1.W11,Trl,Trl 통계적이상 최악: max=63.2°C
2023-08-01 21:00:00,47.03333333333333,H1.W11,Trl,Trl 통계적이상 최악: max=63.2°C
2023-08-01 22:00:00,61.74166666666667,H1.W11,Trl,Trl 통계적이상 최악: max=63.2°C
2023-08-01 23:00:00,58.86666666666667,H1.W11,Trl,Trl 통계적이상 최악: max=63.2°C
2018-02-23 00:00:00,10.308333333333334,H1.K15,Tvl,Tvl 물리적이상 최악: min=-43.8°C
2018-02-23 01:00:00,10.258333333333333,H1.K15,Tvl,Tvl 물리적이상 최악: min=-43.8°C
2018-02-23 02:00:00,9.966666666666669,H1.K15,Tvl,Tvl 물리적이상 최악: min=-43.8°C
2018-02-23 03:00:00,10.258333333333333,H1.K15,Tvl,Tvl 물리적이상 최악: min=-43.8°C
2018-02-23 04:00:00,9.991666666666667,H1.K15,Tvl,Tvl 물리적이상 최악: min=-43.8°C
2018-02-23 05:00:00,10.266666666666667,H1.K15,Tvl,Tvl 물리적이상 최악: min=-43.8°C
2018-02-23 06:00:00,9.325087004304423,H1.K15,Tvl,Tvl 물리적이상 최악: min=-43.8°C
2018-02-23 07:00:00,9.708333333333334,H1.K15,Tvl,Tvl 물리적이상 최악: min=-43.8°C
2018-02-23 08:00:00,9.7,H1.K15,Tvl,Tvl 물리적이상 최악: min=-43.8°C
2018-02-23 09:00:00,9.680555555555555,H1.K15,Tvl,Tvl 물리적이상 최악: min=-43.8°C
2018-02-23 10:00:00,19.41111111111111,H1.K15,Tvl,Tvl 물리적이상 최악: min=-43.8°C
2018-02-23 11:00:00,-43.75833333333333,H1.K15,Tvl,Tvl 물리적이상 최악: min=-43.8°C
2018-02-23 12:00:00,-34.891666666666666,H1.K15,Tvl,Tvl 물리적이상 최악: min=-43.8°C
2018-02-23 13:00:00,22.0,H1.K15,Tvl,Tvl 물리적이상 최악: min=-43.8°C
2018-02-23 14:00:00,22.0,H1.K15,Tvl,Tvl 물리적이상 최악: min=-43.8°C
2018-02-23 15:00:00,22.0,H1.K15,Tvl,Tvl 물리적이상 최악: min=-43.8°C
2018-02-23 16:00:00,22.0,H1.K15,Tvl,Tvl 물리적이상 최악: min=-43.8°C
2018-02-23 17:00:00,22.0,H1.K15,Tvl,Tvl 물리적이상 최악: min=-43.8°C
2018-02-23 18:00:00,22.0,H1.K15,Tvl,Tvl 물리적이상 최악: min=-43.8°C
2018-02-23 19:00:00,22.0,H1.K15,Tvl,Tvl 물리적이상 최악: min=-43.8°C
2018-02-23 20:00:00,22.0,H1.K15,Tvl,Tvl 물리적이상 최악: min=-43.8°C
2018-02-23 21:00:00,21.216666666666665,H1.K15,Tvl,Tvl 물리적이상 최악: min=-43.8°C
2018-02-23 22:00:00,21.0,H1.K15,Tvl,Tvl 물리적이상 최악: min=-43.8°C
2018-02-23 23:00:00,22.025,H1.K15,Tvl,Tvl 물리적이상 최악: min=-43.8°C
2023-08-01 00:00:00,40.0,H1.W11,Tvl,Tvl 통계적이상 최악: max=78.4°C
2023-08-01 01:00:00,39.24166666666667,H1.W11,Tvl,Tvl 통계적이상 최악: max=78.4°C
2023-08-01 02:00:00,38.93333333333333,H1.W11,Tvl,Tvl 통계적이상 최악: max=78.4°C
2023-08-01 03:00:00,38.0,H1.W11,Tvl,Tvl 통계적이상 최악: max=78.4°C
2023-08-01 04:00:00,37.41666666666666,H1.W11,Tvl,Tvl 통계적이상 최악: max=78.4°C
2023-08-01 05:00:00,36.98333333333333,H1.W11,Tvl,Tvl 통계적이상 최악: max=78.4°C
2023-08-01 06:00:00,37.73333333333333,H1.W11,Tvl,Tvl 통계적이상 최악: max=78.4°C
2023-08-01 07:00:00,58.68333333333333,H1.W11,Tvl,Tvl 통계적이상 최악: max=78.4°C
2023-08-01 08:00:00,59.202777777777776,H1.W11,Tvl,Tvl 통계적이상 최악: max=78.4°C
2023-08-01 09:00:00,52.297222222222224,H1.W11,Tvl,Tvl 통계적이상 최악: max=78.4°C
2023-08-01 10:00:00,49.141666666666666,H1.W11,Tvl,Tvl 통계적이상 최악: max=78.4°C
2023-08-01 11:00:00,47.85,H1.W11,Tvl,Tvl 통계적이상 최악: max=78.4°C
2023-08-01 12:00:00,46.94166666666667,H1.W11,Tvl,Tvl 통계적이상 최악: max=78.4°C
2023-08-01 13:00:00,45.641666666666666,H1.W11,Tvl,Tvl 통계적이상 최악: max=78.4°C
2023-08-01 14:00:00,44.44166666666667,H1.W11,Tvl,Tvl 통계적이상 최악: max=78.4°C
2023-08-01 15:00:00,40.7,H1.W11,Tvl,Tvl 통계적이상 최악: max=78.4°C
2023-08-01 16:00:00,37.175,H1.W11,Tvl,Tvl 통계적이상 최악: max=78.4°C
2023-08-01 17:00:00,36.0,H1.W11,Tvl,Tvl 통계적이상 최악: max=78.4°C
2023-08-01 18:00:00,35.44166666666667,H1.W11,Tvl,Tvl 통계적이상 최악: max=78.4°C
2023-08-01 19:00:00,34.44166666666667,H1.W11,Tvl,Tvl 통계적이상 최악: max=78.4°C
2023-08-01 20:00:00,33.6,H1.W11,Tvl,Tvl 통계적이상 최악: max=78.4°C
2023-08-01 21:00:00,50.78333333333333,H1.W11,Tvl,Tvl 통계적이상 최악: max=78.4°C
2023-08-01 22:00:00,62.03333333333333,H1.W11,Tvl,Tvl 통계적이상 최악: max=78.4°C
2023-08-01 23:00:00,58.85833333333333,H1.W11,Tvl,Tvl 통계적이상 최악: max=78.4°C
2018-08-31 00:00:00,1.0719166666666669,H1.K15,qv,qv 물리적이상 최악: min=-0 (부동소수점)
2018-08-31 01:00:00,0.4868333333333334,H1.K15,qv,qv 물리적이상 최악: min=-0 (부동소수점)
2018-08-31 02:00:00,0.6270000000000001,H1.K15,qv,qv 물리적이상 최악: min=-0 (부동소수점)
2018-08-31 03:00:00,0.6222500000000001,H1.K15,qv,qv 물리적이상 최악: min=-0 (부동소수점)
2018-08-31 04:00:00,0.3695000000000001,H1.K15,qv,qv 물리적이상 최악: min=-0 (부동소수점)
2018-08-31 05:00:00,0.5099166666666668,H1.K15,qv,qv 물리적이상 최악: min=-0 (부동소수점)
2018-08-31 06:00:00,0.3640000000000001,H1.K15,qv,qv 물리적이상 최악: min=-0 (부동소수점)
2018-08-31 07:00:00,0.0,H1.K15,qv,qv 물리적이상 최악: min=-0 (부동소수점)
2018-08-31 08:00:00,2.7295000000000007,H1.K15,qv,qv 물리적이상 최악: min=-0 (부동소수점)
2018-08-31 09:00:00,4.465333333333335,H1.K15,qv,qv 물리적이상 최악: min=-0 (부동소수점)
2018-08-31 10:00:00,3.542916666666668,H1.K15,qv,qv 물리적이상 최악: min=-0 (부동소수점)
2018-08-31 11:00:00,1.5120416666666672,H1.K15,qv,qv 물리적이상 최악: min=-0 (부동소수점)
2018-08-31 12:00:00,1.0802500000000002,H1.K15,qv,qv 물리적이상 최악: min=-0 (부동소수점)
2018-08-31 13:00:00,0.7163750000000001,H1.K15,qv,qv 물리적이상 최악: min=-0 (부동소수점)
2018-08-31 14:00:00,0.4246666666666668,H1.K15,qv,qv 물리적이상 최악: min=-0 (부동소수점)
2018-08-31 15:00:00,0.6626666666666668,H1.K15,qv,qv 물리적이상 최악: min=-0 (부동소수점)
2018-08-31 16:00:00,0.6533333333333335,H1.K15,qv,qv 물리적이상 최악: min=-0 (부동소수점)
2018-08-31 17:00:00,0.5880000000000002,H1.K15,qv,qv 물리적이상 최악: min=-0 (부동소수점)
2018-08-31 18:00:00,0.5460000000000002,H1.K15,qv,qv 물리적이상 최악: min=-0 (부동소수점)
2018-08-31 19:00:00,0.5110000000000002,H1.K15,qv,qv 물리적이상 최악: min=-0 (부동소수점)
2018-08-31 20:00:00,0.5530000000000002,H1.K15,qv,qv 물리적이상 최악: min=-0 (부동소수점)
2018-08-31 21:00:00,0.1726666666666667,H1.K15,qv,qv 물리적이상 최악: min=-0 (부동소수점)
2018-08-31 22:00:00,-9.251858538542973e-19,H1.K15,qv,qv 물리적이상 최악: min=-0 (부동소수점)
2018-08-31 23:00:00,0.0,H1.K15,qv,qv 물리적이상 최악: min=-0 (부동소수점)
2018-01-03 10:00:00,7.347857142857145,H1.K15,qv,qv 통계적이상 최악: max=122.6 m3/h
2018-01-03 11:00:00,7.870000000000002,H1.K15,qv,qv 통계적이상 최악: max=122.6 m3/h
2018-01-03 12:00:00,7.870000000000002,H1.K15,qv,qv 통계적이상 최악: max=122.6 m3/h
2018-01-03 13:00:00,7.870000000000002,H1.K15,qv,qv 통계적이상 최악: max=122.6 m3/h
2018-01-03 14:00:00,8.114222222222224,H1.K15,qv,qv 통계적이상 최악: max=122.6 m3/h
2018-01-03 15:00:00,8.209264116575593,H1.K15,qv,qv 통계적이상 최악: max=122.6 m3/h
2018-01-03 16:00:00,8.173333333333336,H1.K15,qv,qv 통계적이상 최악: max=122.6 m3/h
2018-01-03 17:00:00,8.243333333333334,H1.K15,qv,qv 통계적이상 최악: max=122.6 m3/h
2018-01-03 18:00:00,8.210666666666668,H1.K15,qv,qv 통계적이상 최악: max=122.6 m3/h
2018-01-03 19:00:00,8.238666666666669,H1.K15,qv,qv 통계적이상 최악: max=122.6 m3/h
2018-01-03 20:00:00,8.666083333333336,H1.K15,qv,qv 통계적이상 최악: max=122.6 m3/h
2018-01-03 21:00:00,8.645333333333333,H1.K15,qv,qv 통계적이상 최악: max=122.6 m3/h
2018-01-03 22:00:00,8.658250000000002,H1.K15,qv,qv 통계적이상 최악: max=122.6 m3/h
2018-01-03 23:00:00,8.624750000000002,H1.K15,qv,qv 통계적이상 최악: max=122.6 m3/h
