day_label,hour,I1,I2,I3,P,P1,P2,P3,PF,PF1,PF2,PF3,Q,U1,U2,U3,W,WQ,WQ_in,WQ_out,W_in,W_out,f,weekday
12/11(월),1,9.42475,9.406416666666669,8.64025,4298.339333333333,1501.267,1506.254,1413.806833333333,0.9408166666666666,0.8793916666666667,0.7919083333333334,0.1349166666666666,3559.378166666667,228.60166666666663,228.9625,229.315,55754.725327838896,31107.70771833333,31107.70771833333,0.0,55754.725327838896,0.0,50.08316666666667,0.0
12/11(월),2,9.497166666666669,9.768,8.679499999999999,4312.981833333333,1508.2616666666663,1510.8888333333334,1417.2835,0.9422916666666666,0.8785333333333334,0.786525,0.1339333333333333,3644.8955,229.4983333333333,229.7925,230.17666666666668,55758.975327838896,31111.237718333334,31111.24771833333,0.0,55758.975327838896,0.0,50.085166666666666,0.0
12/11(월),3,9.511333333333331,8.843333333333334,8.683666666666666,4319.902,1511.2575,1512.7814166666665,1426.6463333333334,0.941375,0.8872416666666667,0.7895000000000001,0.1351,3594.5745,229.42,229.63,230.12583333333333,55763.255327838895,31114.88771833333,31114.88771833333,0.0,55763.255327838895,0.0,50.08466666666666,0.0
12/11(월),4,8.834,9.047166666666667,8.0,3919.4716666666654,1378.9965,1374.8874166666667,1325.3184166666665,0.9471083333333332,0.8898416666666668,0.7925916666666667,0.1253333333333333,3240.9173333333333,229.23416666666665,229.44,229.95,55767.4953278389,31118.42771833333,31118.42771833333,0.0,55767.4953278389,0.0,50.07975,0.0
12/11(월),5,8.612,9.158833333333332,8.073833333333333,4321.3125,1510.3646666666668,1512.681833333333,1344.7393333333334,0.9476833333333332,0.8848916666666666,0.7915916666666667,0.1259,3593.5421666666666,228.61166666666668,228.7925,229.36916666666667,55771.645327838894,31121.88771833333,31121.897718333334,0.0,55771.645327838894,0.0,50.08633333333333,0.0
12/11(월),6,8.006666666666666,7.50825,6.481166666666667,4029.859166666667,1413.0335833333334,1406.8911666666668,1110.7845,0.9616333333333332,0.8883416666666667,0.791625,0.0992166666666666,3266.8973333333333,228.685,228.64166666666668,229.35666666666663,55775.825327838895,31125.357718333333,31125.357718333333,0.0,55775.825327838895,0.0,50.05491666666667,0.0
12/11(월),7,8.208416666666666,8.715666666666667,7.744,3928.2076666666662,1375.6365,1373.7615,1290.6295,0.9494666666666666,0.8851666666666667,0.7925416666666667,0.119775,3270.447083333333,229.8925,229.6775,230.73,55779.9053278389,31128.72771833333,31128.72771833333,0.0,55779.9053278389,0.0,50.07291666666666,0.0
12/11(월),8,9.42775,7.950666666666667,6.984333333333334,4206.038166666667,1465.4468333333332,1463.4861666666666,1174.5449999999998,0.9548583333333334,0.8841249999999999,0.7925083333333334,0.109625,3511.4206666666664,228.2866666666667,228.17166666666665,229.01833333333332,55784.0553278389,31132.18771833333,31132.18771833333,0.0,55784.0553278389,0.0,50.07116666666666,0.0
12/11(월),9,9.119750000000002,9.645666666666669,8.644416666666666,4216.257333333333,1473.1971666666666,1470.6206666666667,1426.9595833333333,0.9415333333333332,0.8786166666666666,0.789525,0.1309666666666666,3570.2896666666666,229.03416666666664,228.85416666666663,229.60333333333332,55788.3153278389,31135.737718333334,31135.737718333334,0.0,55788.3153278389,0.0,50.09883333333333,0.0
12/11(월),10,35.658500000000004,36.44683333333333,35.746833333333335,18658.8405,6223.0988333333335,6310.2626666666665,6237.8565,0.8346666666666667,0.8168500000000001,0.7819083333333334,0.5477333333333334,15004.035166666668,227.42666666666668,227.23,227.92666666666668,55792.6253278389,31139.36771833333,31139.36771833333,0.0,55792.6253278389,0.0,50.10816666666666,0.0
12/11(월),11,13.699833333333334,13.965,12.977333333333332,6924.549666666667,2373.1586666666667,2370.9815000000003,2180.0845,0.9224833333333332,0.868225,0.786675,0.2080416666666666,5843.851833333333,226.995,226.7875,227.2433333333333,55811.465327838894,31154.52771833333,31154.52771833333,0.0,55811.465327838894,0.0,50.101083333333335,0.0
12/11(월),12,11.966083333333334,12.5765,11.938333333333333,5904.572833333334,2028.2335,2038.3003333333331,2001.95175,0.92745,0.8709,0.7873,0.18825,4948.540416666667,227.915,227.71916666666667,228.44333333333333,55818.255327838895,31160.29771833333,31160.29771833333,0.0,55818.255327838895,0.0,50.11508333333334,0.0
12/11(월),13,16.890916666666666,15.4785,14.640166666666666,8020.425666666666,2719.5509166666666,2735.8762500000003,2455.4581666666663,0.9117583333333332,0.8561416666666667,0.7810916666666667,0.230475,7011.082666666667,228.4233333333333,228.28583333333333,229.0883333333333,55824.6053278389,31165.61771833333,31165.61771833333,0.0,55824.6053278389,0.0,50.089000000000006,0.0
12/11(월),14,9.984666666666667,10.13175,9.214166666666667,4980.921666666666,1721.5221666666666,1722.2055,1538.557,0.9415416666666666,0.8781416666666667,0.7914583333333334,0.145,4230.333416666666,228.325,228.19083333333336,229.01916666666665,55832.3853278389,31172.43771833333,31172.43771833333,0.0,55832.3853278389,0.0,50.06783333333333,0.0
12/11(월),15,10.23625,9.489333333333333,9.483333333333333,4664.506166666667,1618.4823333333334,1618.7769999999998,1570.8315,0.9376833333333334,0.87915,0.787575,0.1492666666666666,3914.178833333333,229.21,229.00916666666663,229.965,55837.255327838895,31176.517718333333,31176.517718333333,0.0,55837.255327838895,0.0,50.0855,0.0
12/11(월),16,9.8815,9.7555,9.160333333333334,4649.1965,1610.0126666666663,1613.529,1515.5716666666667,0.9392333333333334,0.8821833333333334,0.7875083333333334,0.142525,3932.4526666666666,229.335,229.11666666666667,230.11916666666667,55841.825327838895,31180.33771833333,31180.33771833333,0.0,55841.825327838895,0.0,50.07183333333333,0.0
12/11(월),17,8.076416666666667,8.204833333333333,6.898,4363.379,1517.727,1515.9105000000002,1232.6961666666668,0.9556333333333332,0.8900250000000001,0.7913416666666666,0.1099,3682.247,230.67166666666665,230.3825,231.37,55846.295327838896,31184.07771833333,31184.07771833333,0.0,55846.295327838896,0.0,50.091,0.0
12/11(월),18,8.570833333333333,8.673499999999999,7.725833333333333,4253.686833333333,1485.0571666666667,1476.5846666666666,1291.8856666666666,0.9491083333333332,0.8889666666666667,0.7905083333333334,0.1143666666666666,3632.7191666666663,230.70666666666665,230.45,231.38666666666668,55850.6553278389,31187.81771833333,31187.81771833333,0.0,55850.6553278389,0.0,50.089666666666666,0.0
12/11(월),19,8.359666666666666,8.847416666666668,7.864333333333334,4344.089666666667,1513.9005,1512.0851666666667,1317.7279999999998,0.9509,0.8851416666666666,0.7913416666666667,0.118875,3695.4548333333337,230.9025,230.7775,231.6625,55855.0653278389,31191.56771833333,31191.56771833333,0.0,55855.0653278389,0.0,50.081,0.0
12/11(월),20,9.049,9.2435,8.256416666666667,4385.2508333333335,1526.039,1530.8594999999998,1382.8460833333334,0.9469416666666668,0.8853500000000001,0.7901833333333333,0.120425,3701.9165,231.3575,231.455,232.10333333333332,55859.365327838896,31195.237718333334,31195.237718333334,0.0,55859.365327838896,0.0,50.092,0.0
12/11(월),21,7.998166666666666,9.189,8.138083333333334,4025.508333333333,1402.9035,1398.1635,1390.8599166666668,0.9487583333333334,0.8882333333333334,0.7901750000000001,0.1253416666666666,3414.5916666666667,232.4775,232.52916666666667,233.14916666666667,55863.72032783889,31198.947718333333,31198.947718333333,0.0,55863.72032783889,0.0,50.095,0.0
12/11(월),22,8.071166666666667,9.518666666666666,7.189000000000001,4352.115,1521.5585,1517.48,1218.4251666666669,0.9601,0.8906666666666667,0.7904166666666668,0.1091,3706.788,231.16333333333333,231.0775,231.905,55867.895327838894,31202.517718333333,31202.517718333333,0.0,55867.895327838894,0.0,50.088,0.0
12/11(월),23,9.0305,9.22975,8.172416666666667,4058.836833333333,1428.2561666666666,1420.6823333333334,1367.86625,0.947675,0.8852666666666666,0.7909083333333334,0.1263083333333333,3307.771083333333,230.12833333333336,230.28083333333333,230.68,55872.295327838896,31206.31771833333,31206.31771833333,0.0,55872.295327838896,0.0,50.09216666666667,0.0
12/12(화),0,9.231083333333334,9.727083333333333,8.653250000000002,4316.321,1517.647,1506.5843333333332,1421.3265833333332,0.9402416666666668,0.8865583333333333,0.7916000000000001,0.1351416666666666,3609.70375,229.6825,229.82416666666668,230.14166666666668,55876.45532783891,31209.77771833333,31209.77771833333,0.0,55876.4553278389,0.0,50.09158333333333,1.0
12/12(화),1,8.721833333333334,9.481083333333334,7.809833333333334,4624.027,1617.0496666666666,1605.191,1317.7555,0.9511083333333332,0.8806833333333334,0.7939083333333333,0.1216333333333333,3936.822166666667,229.40916666666664,229.45833333333331,229.8275,55880.575327838895,31213.18771833333,31213.18771833333,0.0,55880.575327838895,0.0,50.09033333333333,1.0
12/12(화),2,8.07375,8.234083333333334,7.137166666666667,4332.219833333334,1520.3515,1509.992,1212.871666666667,0.9555916666666668,0.8866166666666667,0.7939416666666668,0.0985833333333333,3663.4788333333336,230.26416666666668,230.29416666666663,230.8083333333333,55885.0153278389,31216.947718333333,31216.947718333333,0.0,55885.0153278389,0.0,50.089083333333335,1.0
12/12(화),3,8.946583333333335,9.709416666666668,8.663166666666665,4313.434166666667,1514.7508333333333,1499.9253333333334,1423.2355,0.94045,0.8792583333333333,0.7866416666666667,0.129975,3603.4590833333336,229.28416666666664,229.37583333333333,229.66666666666663,55889.365327838896,31220.67771833333,31220.67771833333,0.0,55889.365327838896,0.0,50.09575,1.0
12/12(화),4,9.122416666666668,9.315833333333334,8.257666666666667,4205.639166666667,1475.9589166666667,1466.8563333333334,1359.5383333333334,0.9439666666666666,0.8818583333333334,0.7888416666666667,0.1305666666666666,3565.3325,228.97,228.985,229.515,55893.6553278389,31224.27771833333,31224.27771833333,0.0,55893.6553278389,0.0,50.10066666666667,1.0
12/12(화),5,8.02425,8.179666666666666,7.124833333333333,4295.052166666666,1502.803,1497.5988333333337,1215.4513333333334,0.9553416666666668,0.8915333333333334,0.79685,0.109275,3515.6325,227.65916666666664,227.66916666666663,228.2108333333333,55897.8453278389,31227.77771833333,31227.77771833333,0.0,55897.8453278389,0.0,50.08975,1.0
12/12(화),6,9.585166666666668,9.794333333333332,8.783999999999999,4613.033333333334,1604.1253333333334,1605.7926666666667,1445.0219166666668,0.9397666666666668,0.8808416666666667,0.7881083333333334,0.1346916666666666,4033.695833333333,230.365,230.3,231.0858333333333,55902.035327838894,31231.20771833333,31231.20771833333,0.0,55902.035327838894,0.0,50.07783333333334,1.0
12/12(화),7,9.152416666666666,7.963083333333333,6.957666666666666,4126.237666666667,1442.86675,1438.3145,1168.5695,0.9554666666666668,0.889775,0.7885333333333334,0.1040416666666666,3477.14575,228.87916666666663,228.7625,229.4375,55906.3853278389,31234.947718333333,31234.947718333333,0.0,55906.3853278389,0.0,50.07566666666666,1.0
12/12(화),8,1.1097500000000002,1.1101666666666667,0.0,436.2308333333333,232.0233333333333,204.1805,0.0,0.994,0.9158666666666668,0.8042750000000001,0.0,48.7295,228.52666666666667,228.4575,229.0,55910.6353278389,31238.447718333333,31238.447718333333,0.0,55910.6353278389,0.0,50.09141666666667,1.0
12/12(화),9,8.48275,8.664250000000001,7.649166666666667,4218.675166666667,1474.6453333333334,1472.0668333333333,1272.0665,0.9498333333333334,0.8858750000000001,0.7918166666666667,0.1200666666666666,3564.8877500000003,228.7783333333333,228.66083333333333,229.1483333333333,55911.0653278389,31238.49771833333,31238.49771833333,0.0,55911.0653278389,0.0,50.101083333333335,1.0
12/12(화),10,8.594,8.800416666666667,7.739166666666667,4310.448166666666,1508.6736666666666,1503.8725000000002,1298.8878333333334,0.9515333333333332,0.887475,0.7932166666666667,0.121775,3527.422583333333,227.76583333333332,227.54,228.09333333333333,55915.325327838895,31242.08771833333,31242.08771833333,0.0,55915.325327838895,0.0,50.10066666666667,1.0
12/12(화),11,9.48375,9.707583333333334,8.682916666666667,4597.600333333334,1640.36725,1599.2483333333332,1438.575833333333,0.9430666666666668,0.881275,0.7898999999999999,0.1378666666666666,3816.396166666667,227.9325,227.7008333333333,228.49416666666667,55919.5253278389,31245.52771833333,31245.52771833333,0.0,55919.5253278389,0.0,50.10383333333333,1.0
12/12(화),12,8.670833333333333,9.751666666666669,7.868166666666667,4627.6731666666665,1603.7558333333334,1607.4278333333334,1329.8511666666668,0.9517166666666668,0.8775583333333333,0.7911666666666667,0.1219916666666666,3908.1105,228.59833333333333,228.31916666666663,229.345,55923.9053278389,31249.11771833333,31249.11771833333,0.0,55923.9053278389,0.0,50.10083333333333,1.0
12/12(화),13,8.47825,8.659166666666666,6.962999999999999,4229.048666666667,1476.0798333333332,1474.4526666666668,1169.1445,0.9505666666666668,0.8863416666666667,0.7920333333333335,0.1093833333333333,3521.050666666667,228.37166666666664,228.0483333333333,229.0775,55928.255327838895,31252.767718333333,31252.767718333333,0.0,55928.255327838895,0.0,50.08708333333333,1.0
12/12(화),14,9.270083333333334,9.438666666666668,8.519916666666667,4639.3865,1604.6933333333334,1608.67575,1426.3051666666663,0.945525,0.8823833333333334,0.7911083333333334,0.1324583333333333,3925.1149166666655,229.16333333333333,228.7358333333333,229.97333333333333,55932.6553278389,31256.43771833333,31256.43771833333,0.0,55932.6553278389,0.0,50.07933333333334,1.0
12/12(화),15,9.098,9.31475,8.354416666666667,4222.9345,1468.051,1475.5871666666667,1388.8123333333335,0.9461,0.8831333333333333,0.7936416666666667,0.1326916666666666,3483.2221666666665,228.345,228.00916666666663,229.27916666666667,55937.1753278389,31260.22771833333,31260.22771833333,0.0,55937.1753278389,0.0,50.09066666666667,1.0
12/12(화),16,7.876666666666667,8.022583333333333,7.389416666666666,3930.704,1375.2246666666665,1373.8033333333333,1237.9135833333337,0.948125,0.8842583333333334,0.7899083333333333,0.1187,3585.586666666667,230.30916666666664,229.955,231.16,55941.5853278389,31263.84771833333,31263.84771833333,0.0,55941.5853278389,0.0,50.086416666666665,1.0
12/12(화),17,10.242666666666668,10.427916666666668,9.502666666666666,4648.0465,1611.29,1614.3223333333333,1557.6709166666667,0.9339916666666668,0.8725916666666667,0.7836000000000001,0.1456583333333333,4049.8509166666663,230.9633333333333,230.65916666666664,231.85333333333332,55945.8553278389,31267.42771833333,31267.42771833333,0.0,55945.8553278389,0.0,50.09341666666667,1.0
12/12(화),18,9.200083333333334,8.687666666666667,8.78825,4246.3255,1477.4956666666667,1480.7863333333332,1455.67575,0.942,0.8800833333333333,0.7896083333333334,0.137,3607.970333333333,230.45666666666665,230.12416666666667,231.36416666666668,55950.3053278389,31271.24771833333,31271.24771833333,0.0,55950.3053278389,0.0,50.090916666666665,1.0
12/12(화),19,8.934249999999999,9.784333333333333,8.83375,4257.885166666667,1486.1833333333334,1483.5136666666665,1452.68225,0.9392083333333332,0.8819916666666666,0.7855416666666667,0.1292083333333333,3734.0576666666666,232.0175,231.7375,232.8825,55954.685327838895,31274.99771833333,31274.99771833333,0.0,55954.685327838895,0.0,50.08991666666667,1.0
12/12(화),20,7.279583333333333,7.407166666666667,6.384,3951.737,1386.9481666666666,1381.5226666666667,1073.5045,0.9488333333333332,0.8917083333333334,0.7890666666666667,0.0935833333333333,3432.875666666667,233.20666666666665,232.95333333333332,234.03583333333333,55959.1353278389,31278.90771833333,31278.90771833333,0.0,55959.1353278389,0.0,50.088166666666666,1.0
12/12(화),21,8.991083333333334,9.149583333333334,8.130333333333333,4256.513833333333,1491.5453333333332,1482.953,1334.4573333333333,0.940875,0.8830250000000001,0.7845916666666668,0.1214083333333333,3864.4518333333335,234.595,234.33416666666665,235.32833333333332,55963.3753278389,31282.627718333333,31282.627718333333,0.0,55963.3753278389,0.0,50.09566666666667,1.0
12/12(화),22,8.748833333333332,8.911416666666666,7.253,4345.2775,1520.6136666666666,1513.2493333333332,1225.8673333333334,0.9458916666666668,0.8810749999999999,0.78715,0.1075666666666666,3840.15025,233.70416666666668,233.42416666666668,234.39,55967.6553278389,31286.467718333333,31286.467718333333,0.0,55967.6553278389,0.0,50.09075,1.0
12/12(화),23,8.452583333333333,10.311083333333332,7.9285,4690.272333333333,1632.8286666666668,1630.3211666666668,1324.3756666666666,0.9470333333333334,0.8852083333333334,0.7857916666666667,0.1181749999999999,4377.670916666667,233.69333333333333,233.5483333333333,234.44083333333336,55971.9153278389,31290.22771833333,31290.22771833333,0.0,55971.9153278389,0.0,50.092416666666665,1.0
12/13(수),0,8.70825,9.725416666666666,8.4785,4357.107,1522.929,1526.7068333333334,1402.4593333333332,0.9365166666666668,0.8768166666666667,0.787825,0.13855,3739.396833333333,231.6133333333333,231.535,232.32416666666668,55976.435327838895,31294.267718333333,31294.267718333333,0.0,55976.435327838895,0.0,50.094166666666666,2.0
12/13(수),1,9.037583333333334,9.247833333333334,8.18725,4373.902666666666,1529.5635,1526.3435,1371.19275,0.9465416666666666,0.8871916666666667,0.7899,0.1252333333333333,3674.3531666666663,230.44166666666663,230.3883333333333,231.1075,55980.8753278389,31298.13771833333,31298.13771833333,0.0,55980.8753278389,0.0,50.08916666666666,2.0
12/13(수),2,7.867999999999999,8.023166666666667,6.953333333333333,4234.3435,1485.5035,1475.555833333333,1165.3305,0.9489166666666669,0.8861916666666667,0.7907083333333333,0.10815,3618.314916666667,230.13333333333333,230.09416666666667,230.8075,55985.365327838896,31302.00771833333,31302.00771833333,0.0,55985.365327838896,0.0,50.0795,2.0
12/13(수),3,9.285333333333334,9.242333333333333,8.464333333333334,4632.058999999999,1609.1516666666669,1611.088166666667,1411.1248333333335,0.9447083333333332,0.8826666666666667,0.7897083333333333,0.1308083333333333,3965.834333333333,229.9225,229.8075,230.48,55989.6653278389,31305.67771833333,31305.67771833333,0.0,55989.6653278389,0.0,50.07358333333333,2.0
12/13(수),4,9.27375,9.157083333333333,8.441333333333334,4336.972166666666,1515.3599166666668,1512.2106666666666,1405.4956666666667,0.94425,0.883125,0.7897833333333334,0.1319499999999999,3601.213666666667,229.30166666666668,229.15416666666667,230.0075,55994.035327838894,31309.40771833333,31309.40771833333,0.0,55994.035327838894,0.0,50.07966666666667,2.0
12/13(수),5,8.0245,8.82,7.154666666666667,4238.001166666667,1451.06725,1506.2636666666665,1187.9751666666666,0.95625,0.8910750000000001,0.7933916666666667,0.1093333333333333,3578.5756666666666,228.8075,228.6208333333333,229.5283333333333,55998.325327838895,31312.97771833333,31312.97771833333,0.0,55998.325327838895,0.0,50.07858333333333,2.0
12/13(수),6,9.651916666666668,9.85325,8.85125,4351.127,1517.077,1515.193166666667,1470.1959166666668,0.9415583333333332,0.8840333333333333,0.7915333333333334,0.1355416666666666,3668.619916666666,229.75,229.49416666666667,230.495,56002.435327838895,31316.36771833333,31316.36771833333,0.0,56002.435327838895,0.0,50.07075,2.0
12/13(수),7,8.591083333333334,8.801916666666667,7.814999999999999,4311.333333333333,1496.6891666666668,1506.8333333333333,1307.2615,0.9501833333333334,0.8880250000000001,0.7925000000000001,0.1203,3604.3485,229.31666666666663,229.14583333333331,230.22083333333333,56006.865327838896,31320.197718333333,31320.197718333333,0.0,56006.865327838896,0.0,50.06233333333333,2.0
12/13(수),8,7.822666666666667,8.605916666666667,6.946083333333333,4175.883,1448.9366666666667,1460.2576666666669,1175.729,0.954575,0.8884333333333334,0.7923000000000001,0.108325,3577.94525,228.78,228.5675,229.77083333333331,56011.035327838894,31323.67771833333,31323.67771833333,0.0,56011.035327838894,0.0,50.07333333333334,2.0
12/13(수),9,1.1124166666666668,1.1141666666666667,0.0,437.6558333333333,232.8898333333333,204.74616666666668,0.0,0.994,0.915575,0.8040583333333334,0.0,48.75525,228.965,228.735,229.89083333333332,56015.185327838895,31327.18771833333,31327.18771833333,0.0,56015.185327838895,0.0,50.077666666666666,2.0
12/13(수),10,8.601166666666668,8.804166666666667,7.8175,4306.2300000000005,1496.5006666666666,1502.3333333333333,1306.7906666666668,0.9495666666666666,0.8846833333333334,0.7926583333333334,0.1190416666666666,3633.906166666666,227.2383333333333,226.9975,227.9658333333333,56015.6253278389,31327.237718333334,31327.237718333334,0.0,56015.6253278389,0.0,50.0815,2.0
12/13(수),11,7.737833333333333,7.340333333333334,6.2675,3858.376333333333,1356.5593333333334,1351.6553333333334,1064.8048333333334,0.9622083333333332,0.8868583333333333,0.7926833333333333,0.0996166666666666,3073.5666666666666,226.4625,226.14583333333331,226.94,56019.7753278389,31330.75771833333,31330.75771833333,0.0,56019.7753278389,0.0,50.06925,2.0
12/13(수),12,17.283333333333335,16.98858333333333,16.0945,9094.959666666666,3083.0928333333336,3092.4176666666667,2830.94,0.9253333333333332,0.869075,0.7930166666666667,0.2441833333333333,7161.394,228.3675,227.825,228.74416666666667,56023.4453278389,31333.66771833333,31333.66771833333,0.0,56023.4453278389,0.0,50.10308333333333,2.0
12/13(수),13,8.037833333333333,8.821666666666665,7.1658333333333335,4364.901,1524.3041666666666,1514.1027499999998,1224.1003333333333,0.9568,0.8874833333333334,0.7919250000000001,0.1110666666666666,3589.063833333333,229.4258333333333,228.97083333333333,229.875,56032.3853278389,31340.75771833333,31340.75771833333,0.0,56032.3853278389,0.0,50.09033333333333,2.0
12/13(수),14,8.358333333333333,8.179333333333334,7.498083333333333,4057.3735,1423.882,1413.0866666666666,1271.334833333333,0.9527833333333332,0.8888750000000001,0.7946000000000001,0.1153166666666666,3274.0331666666666,229.76583333333332,229.2108333333333,230.1266666666667,56036.785327838894,31344.42771833333,31344.42771833333,0.0,56036.785327838894,0.0,50.08841666666667,2.0
12/13(수),15,9.769833333333334,9.94025,8.972166666666668,4779.253333333333,1659.5908333333332,1654.1233333333332,1510.4108333333331,0.943825,0.8819083333333334,0.7892833333333334,0.1382583333333333,3973.2071666666666,229.455,228.90583333333333,229.75916666666663,56040.8453278389,31347.767718333333,31347.767718333333,0.0,56040.8453278389,0.0,50.083666666666666,2.0
12/13(수),16,9.918666666666669,9.776166666666668,9.135833333333332,4638.617499999999,1610.3476666666668,1606.831,1514.6003333333333,0.9416833333333332,0.8770166666666667,0.7857333333333334,0.1418166666666666,3961.2855,229.7,229.1775,230.1575,56045.575327838895,31351.767718333333,31351.767718333333,0.0,56045.575327838895,0.0,50.086083333333335,2.0
12/13(수),17,9.259333333333332,9.415666666666668,8.457666666666666,4600.922666666666,1597.3328333333334,1594.1756666666663,1433.2101666666667,0.944275,0.8815666666666667,0.7902,0.1312166666666666,3948.383833333333,229.94833333333327,229.45416666666668,230.54416666666663,56050.1353278389,31355.65771833333,31355.65771833333,0.0,56050.1353278389,0.0,50.09283333333334,2.0
12/13(수),18,13.142166666666666,14.024666666666668,13.18025,6320.884666666667,2163.1633333333334,2164.8033333333333,2208.532083333333,0.9214416666666666,0.8641000000000001,0.7840083333333333,0.2047083333333333,5424.226583333333,229.71833333333333,229.1825,230.24,56054.6253278389,31359.447718333333,31359.447718333333,0.0,56054.6253278389,0.0,50.091,2.0
12/13(수),19,13.084583333333336,13.291166666666667,12.430916666666668,6581.861,2245.7295,2254.6583333333333,2081.7165,0.9217833333333334,0.8675250000000001,0.7826333333333334,0.19205,5785.1765,230.23,229.75583333333333,230.86666666666667,56061.1353278389,31365.057718333333,31365.057718333333,0.0,56061.1353278389,0.0,50.092,2.0
12/13(수),20,9.336083333333333,10.33125,9.442916666666669,4626.420083333333,1610.563,1604.3065,1540.6159166666666,0.9324,0.8728333333333335,0.7864833333333333,0.1435749999999999,4083.1933333333336,231.98416666666665,231.5483333333333,232.5758333333333,56067.5653278389,31370.77771833333,31370.77771833333,0.0,56067.5653278389,0.0,50.09108333333334,2.0
12/13(수),21,9.705166666666669,9.871166666666666,8.901250000000001,4368.757500000001,1522.7485,1518.6813333333334,1488.9905,0.9426666666666668,0.88125,0.7882083333333334,0.1381416666666667,3650.1351666666665,230.95583333333332,230.63583333333327,231.5825,56072.145327838894,31374.807718333333,31374.807718333333,0.0,56072.145327838894,0.0,50.10383333333333,2.0
12/13(수),22,9.898666666666667,8.8575,7.834,4619.163666666666,1608.7515833333334,1602.9178333333334,1318.2050000000002,0.9503,0.8793083333333335,0.7858583333333334,0.120825,3984.020916666667,230.21,229.92666666666668,230.78166666666667,56076.465327838894,31378.447718333333,31378.447718333333,0.0,56076.465327838894,0.0,50.10091666666666,2.0
12/13(수),23,9.010416666666666,8.67375,7.6445,4482.339666666667,1550.2589999999998,1546.1785000000002,1270.767833333333,0.9499833333333334,0.8802416666666667,0.7821583333333334,0.120725,3915.397166666666,230.0525,229.83083333333332,230.64666666666665,56081.005327838895,31382.357718333333,31382.36771833333,0.0,56081.005327838895,0.0,50.10183333333334,2.0
12/14(목),0,8.685833333333333,8.86725,7.810999999999999,4597.504,1604.184,1598.4258333333337,1316.0415,0.9507333333333332,0.8793833333333333,0.7934166666666668,0.1211083333333333,3963.2153333333335,229.6525,229.41083333333333,230.1891666666667,56085.365327838896,31386.057718333333,31386.057718333333,0.0,56085.365327838896,0.0,50.10433333333334,3.0
12/14(목),1,9.272,8.843333333333334,7.779416666666666,4611.894333333333,1608.9136666666668,1600.9626666666666,1309.4458333333334,0.9509666666666666,0.8866916666666668,0.7898083333333333,0.1205916666666666,3933.97625,229.54083333333332,229.39583333333331,230.09833333333333,56089.8153278389,31389.857718333333,31389.86771833333,0.0,56089.8153278389,0.0,50.099500000000006,3.0
12/14(목),2,9.288,10.142333333333331,9.088500000000002,4632.026,1615.2910000000002,1610.3979166666666,1502.3286666666668,0.9393916666666668,0.879,0.787425,0.142575,3947.465333333333,229.8608333333333,229.74416666666667,230.36166666666668,56094.2753278389,31393.63771833333,31393.63771833333,0.0,56094.2753278389,0.0,50.09191666666666,3.0
12/14(목),3,12.1465,12.7445,11.708,6007.226333333334,2071.8976666666667,2070.097166666667,1969.88125,0.929125,0.87205,0.788675,0.181625,5077.858666666667,229.73916666666668,229.59416666666667,230.2158333333333,56098.81532783891,31397.50771833333,31397.50771833333,0.0,56098.8153278389,0.0,50.09083333333333,3.0
12/14(목),4,11.60425,11.849333333333334,10.115833333333336,5841.188833333334,2016.4193333333333,2014.1231666666667,1703.7628333333334,0.9321166666666668,0.8758416666666666,0.78715,0.15815,5000.462666666667,229.16916666666663,229.04083333333332,229.66833333333332,56105.215327838894,31402.987718333334,31402.987718333334,0.0,56105.215327838894,0.0,50.08733333333334,3.0
12/14(목),5,9.939333333333334,10.158666666666669,9.112166666666669,5216.245833333333,1806.4765,1806.1118333333332,1515.875,0.9411333333333334,0.8804583333333333,0.7895916666666667,0.1445333333333333,4562.132500000001,228.4875,228.25833333333333,228.935,56111.0153278389,31408.017718333333,31408.017718333333,0.0,56111.0153278389,0.0,50.078,3.0
12/14(목),6,9.214416666666668,9.4225,8.4,4582.471166666667,1594.1411666666668,1594.2886666666666,1393.2353333333333,0.9438583333333334,0.8814916666666668,0.7918666666666667,0.1304583333333333,3911.173333333333,228.84833333333333,228.6475,229.44333333333333,56116.0453278389,31412.397718333334,31412.397718333334,0.0,56116.045327838896,0.0,50.07516666666667,3.0
12/14(목),7,9.600833333333332,9.787416666666669,8.785,4632.057833333333,1611.4203333333332,1607.8446666666669,1462.6443333333334,0.9430916666666668,0.88125,0.7899833333333334,0.1383,3916.0943333333335,228.915,228.69166666666663,229.53,56120.5253278389,31416.18771833333,31416.197718333333,0.0,56120.5253278389,0.0,50.07558333333333,3.0
12/14(목),8,8.648916666666668,8.831916666666666,8.814333333333334,4342.534666666666,1518.3810833333334,1512.8893333333333,1472.8310833333337,0.9512,0.8878416666666666,0.7927583333333333,0.137975,3580.2885,228.8383333333333,228.6125,229.355,56125.075327838895,31420.06771833333,31420.06771833333,0.0,56125.075327838895,0.0,50.08666666666667,3.0
12/14(목),9,9.256833333333333,10.365666666666668,7.782333333333333,4612.9075,1606.8886666666667,1600.397,1313.412,0.9513333333333333,0.8874416666666668,0.7882083333333334,0.1219416666666666,3908.0395,228.72083333333333,228.5225,229.24666666666664,56129.4053278389,31423.66771833333,31423.66771833333,0.0,56129.4053278389,0.0,50.09275,3.0
12/14(목),10,8.651083333333334,8.785166666666667,7.773833333333333,4632.411666666667,1614.489,1603.2773333333332,1315.4571666666668,0.9519666666666668,0.88795,0.7941333333333334,0.12255,3861.9244166666663,227.86666666666667,227.5133333333333,228.3033333333333,56133.935327838895,31427.45771833333,31427.45771833333,0.0,56133.935327838895,0.0,50.08716666666667,3.0
12/14(목),11,8.4765,8.61925,6.9025,4205.243,1474.366083333333,1462.1556666666663,1161.8193333333334,0.9500083333333332,0.8854500000000001,0.7917666666666666,0.1034666666666666,3486.365166666667,228.39666666666665,227.96666666666667,228.6783333333333,56138.645327838894,31431.41771833333,31431.42771833333,0.0,56138.645327838894,0.0,50.07291666666666,3.0
12/14(목),12,12.357083333333332,12.493916666666667,11.603333333333332,5797.073166666667,1996.9378333333332,1991.5336666666667,2031.6055833333332,0.9230666666666668,0.8748,0.7874,0.19575,4887.8803333333335,228.44416666666663,228.03916666666663,228.82416666666668,56143.1553278389,31435.16771833333,31435.16771833333,0.0,56143.1553278389,0.0,50.08241666666667,3.0
12/14(목),13,14.359083333333333,14.0325,13.037,7198.546833333333,2465.1495,2462.579166666667,2181.715,0.9197666666666666,0.8584666666666667,0.7792666666666667,0.2055083333333333,6344.339166666667,229.06916666666663,228.72333333333333,229.4391666666667,56149.2353278389,31440.24771833333,31440.24771833333,0.0,56149.2353278389,0.0,50.09158333333333,3.0
12/14(목),14,10.279833333333332,10.410083333333334,9.42175,4645.6165,1622.567,1603.9125,1569.5913333333333,0.9379,0.8795333333333333,0.7883,0.1498583333333333,3912.758333333333,229.03916666666663,228.47166666666664,229.2633333333333,56156.285327838894,31446.42771833333,31446.42771833333,0.0,56156.285327838894,0.0,50.0885,3.0
12/14(목),15,10.0325,10.22,9.206,4677.563833333334,1630.0839999999998,1621.5978333333333,1533.7571666666668,0.94035,0.8796,0.790275,0.1437666666666666,3982.456833333333,229.4608333333333,229.04666666666665,229.85083333333333,56160.9053278389,31450.32771833333,31450.33771833333,0.0,56160.9053278389,0.0,50.081833333333336,3.0
12/14(목),16,8.693083333333334,8.8515,7.850666666666666,4598.1585000000005,1599.55225,1595.2773333333332,1324.9568333333334,0.950875,0.8870333333333333,0.7874666666666668,0.1102,3962.3975,229.49916666666667,229.07666666666668,229.98166666666663,56165.615327838896,31454.36771833333,31454.36771833333,0.0,56165.615327838896,0.0,50.0765,3.0
12/14(목),17,9.8835,10.047916666666667,9.065166666666666,4606.25525,1606.246666666667,1596.7826666666667,1479.5808333333334,0.9344833333333332,0.8733000000000001,0.7867166666666667,0.13785,4038.5755,231.06166666666667,230.7433333333333,231.5475,56170.045327838896,31458.127718333333,31458.13771833333,0.0,56170.045327838896,0.0,50.09016666666666,3.0
12/14(목),18,8.697833333333334,8.839666666666666,7.749583333333334,4333.320166666666,1516.7883333333334,1505.3849166666666,1312.4335,0.9475083333333332,0.8842416666666667,0.7888416666666667,0.1192166666666666,3728.8486666666663,231.85333333333332,231.4741666666667,232.3275,56174.4853278389,31461.967718333333,31461.967718333333,0.0,56174.4853278389,0.0,50.09291666666666,3.0
12/14(목),19,9.968916666666669,10.134166666666664,9.095166666666668,4623.947,1618.9913333333332,1600.4385,1480.876166666667,0.932175,0.876425,0.7793083333333334,0.1378583333333333,4135.7715,232.65583333333333,232.3375,233.1025,56178.7753278389,31465.697718333333,31465.697718333333,0.0,56178.7753278389,0.0,50.09016666666666,3.0
12/14(목),20,9.243416666666668,9.4135,8.376166666666666,4225.729666666667,1483.7283333333332,1471.6558333333337,1369.3305,0.948175,0.8771000000000001,0.7841333333333333,0.1272416666666666,3771.7801666666655,233.105,232.8775,233.6233333333333,56183.0953278389,31469.517718333333,31469.517718333333,0.0,56183.0953278389,0.0,50.08825,3.0
12/14(목),21,8.71025,8.863249999999999,7.837333333333333,4630.059666666667,1615.8548333333335,1606.55975,1319.2278333333334,0.9498,0.8824416666666667,0.7920583333333334,0.1207833333333333,3994.9425,232.0016666666667,231.73916666666668,232.5233333333333,56187.395327838894,31473.32771833333,31473.32771833333,0.0,56187.395327838894,0.0,50.09025,3.0
12/14(목),22,8.067333333333334,8.227666666666668,7.1655,4303.241166666667,1507.0246666666667,1499.5121666666666,1213.9628333333335,0.955025,0.8901833333333333,0.79365,0.1092,3693.5528333333336,230.78,230.50833333333333,231.2875,56191.8153278389,31477.11771833333,31477.11771833333,0.0,56191.8153278389,0.0,50.08683333333333,3.0
12/14(목),23,7.855583333333334,8.025666666666668,6.9565,3919.47575,1381.7866666666666,1370.731,1165.5333333333333,0.9546916666666668,0.89,0.7940666666666668,0.10855,3251.6911666666665,230.0558333333333,229.815,230.53,56196.045327838896,31480.717718333333,31480.717718333333,0.0,56196.045327838896,0.0,50.09283333333334,3.0
12/15(금),0,7.851833333333333,8.005916666666668,6.930499999999999,4214.6235,1481.4193333333335,1468.9766666666667,1158.187,0.9542916666666666,0.8857166666666667,0.7905,0.1074916666666666,3604.437,229.66666666666663,229.53083333333333,230.19,56200.1353278389,31484.15771833333,31484.15771833333,0.0,56200.1353278389,0.0,50.09041666666667,4.0
12/15(금),1,8.144833333333333,8.295416666666666,7.229166666666667,3577.5538333333334,1272.0090000000002,1255.5303333333334,1194.3175,0.949225,0.8907083333333333,0.7890416666666666,0.1121916666666666,2947.0757499999995,230.33666666666667,230.19916666666668,230.7775,56204.3453278389,31487.737718333334,31487.737718333334,0.0,56204.3453278389,0.0,50.10125,4.0
12/15(금),2,2.4275,3.396,1.3464999999999998,1324.1711666666667,527.7226666666667,500.745,204.89866666666663,0.9828833333333332,0.909,0.7990250000000001,0.0219833333333333,1077.312,231.29333333333332,231.15,231.6858333333333,56208.1353278389,31490.877718333333,31490.877718333333,0.0,56208.1353278389,0.0,50.09191666666666,4.0
12/15(금),3,8.0555,8.198083333333333,7.109666666666667,4040.2421666666655,1426.72675,1409.301333333333,1204.4233333333332,0.957675,0.8908666666666666,0.7953916666666667,0.098075,3339.6381666666666,230.95666666666665,230.805,231.3575,56209.465327838894,31491.897718333334,31491.897718333334,0.0,56209.465327838894,0.0,50.09308333333333,4.0
12/15(금),4,8.66325,8.844666666666665,7.771,4320.990333333333,1516.2218333333333,1505.456,1298.4048333333335,0.9492666666666668,0.8863000000000001,0.790525,0.1142083333333333,3679.0971666666665,230.4333333333333,230.31833333333333,230.935,56213.215327838894,31494.987718333334,31494.987718333334,0.0,56213.215327838894,0.0,50.08441666666667,4.0
12/15(금),5,7.8405,8.353916666666667,6.250333333333333,3914.2805,1378.5528333333334,1368.7300833333334,1055.9235,0.9628416666666666,0.8943083333333334,0.7979166666666667,0.0977333333333333,3217.348,229.0675,228.92916666666667,229.60916666666665,56217.5153278389,31498.68771833333,31498.68771833333,0.0,56217.5153278389,0.0,50.07283333333333,4.0
12/15(금),6,8.58775,8.778916666666667,7.750166666666667,4293.586,1499.2393333333334,1498.427,1297.0449999999998,0.9500416666666668,0.8904583333333334,0.7917166666666666,0.1205333333333333,3589.708916666667,229.40166666666667,229.25,230.08083333333332,56221.545327838896,31502.017718333333,31502.017718333333,0.0,56221.545327838896,0.0,50.06275,4.0
12/15(금),7,8.86025,9.623666666666669,8.016416666666666,4716.702333333334,1639.1083333333331,1638.2248333333334,1362.9886666666669,0.954125,0.8760666666666667,0.7929333333333334,0.1217333333333333,4058.723,230.66666666666663,230.47333333333333,231.2866666666667,56225.795327838896,31505.56771833333,31505.56771833333,0.0,56225.795327838896,0.0,50.07116666666666,4.0
12/15(금),8,7.873416666666667,8.010916666666667,6.995333333333334,3909.708,1375.321333333333,1367.482,1167.3881666666666,0.9535166666666668,0.8884083333333334,0.7918666666666667,0.1076749999999999,3305.8013333333333,230.885,230.68166666666667,231.48166666666663,56230.3753278389,31509.52771833333,31509.52771833333,0.0,56230.3753278389,0.0,50.07825,4.0
12/15(금),9,9.577916666666663,9.476833333333332,8.794583333333332,4604.383333333333,1599.6149166666669,1600.8115,1445.0484166666668,0.9426166666666668,0.8774250000000001,0.7856000000000001,0.13425,4055.868083333333,230.8583333333333,230.49416666666667,231.39666666666665,56234.435327838895,31512.95771833333,31512.95771833333,0.0,56234.435327838895,0.0,50.090916666666665,4.0
12/15(금),10,12.1665,11.485916666666666,11.55625,5332.921,1829.6355,1843.9996666666664,1881.7268333333332,0.9197833333333332,0.870975,0.78725,0.180475,4626.847833333333,229.20166666666668,228.8083333333333,229.63333333333333,56238.895327838894,31516.83771833333,31516.83771833333,0.0,56238.895327838894,0.0,50.090500000000006,4.0
12/15(금),11,15.538083333333333,14.972083333333334,14.061333333333332,7717.649833333333,2625.75625,2637.025666666667,2375.811,0.9207333333333332,0.8602166666666666,0.7831916666666667,0.2133,6682.557,228.23916666666668,227.735,228.50416666666663,56244.475327838896,31521.627718333333,31521.627718333333,0.0,56244.475327838896,0.0,50.06908333333333,4.0
12/15(금),12,9.82125,9.713500000000002,9.0285,4597.998333333334,1600.696,1594.2694166666663,1482.2631666666668,0.9378833333333334,0.8794000000000001,0.7852333333333334,0.1411833333333333,3927.2644166666655,229.07916666666668,228.5858333333333,229.4775,56251.785327838894,31527.93771833333,31527.93771833333,0.0,56251.785327838894,0.0,50.07175,4.0
12/15(금),13,8.681916666666666,9.2165,8.182666666666668,4367.3765,1526.111666666667,1521.6915,1373.3510833333337,0.9358166666666666,0.8842833333333334,0.7788333333333334,0.1257666666666666,3634.126583333333,229.7125,229.3825,230.0991666666667,56256.2753278389,31531.74771833333,31531.74771833333,0.0,56256.2753278389,0.0,50.08916666666666,4.0
12/15(금),14,9.882333333333332,10.093,9.114666666666666,4626.686,1607.16675,1608.027833333333,1498.0001666666665,0.9407916666666666,0.8816333333333334,0.7891083333333334,0.1397333333333333,3987.785666666667,230.1233333333333,229.7733333333333,230.6708333333333,56260.865327838896,31535.65771833333,31535.66771833333,0.0,56260.865327838896,0.0,50.07416666666666,4.0
12/15(금),15,8.70575,8.838666666666667,7.843333333333334,4673.225833333333,1626.6418333333334,1617.4915,1319.7128333333335,0.9497,0.8808416666666667,0.7869416666666668,0.1206666666666666,4023.761333333333,231.1183333333333,230.7025,231.66,56265.325327838895,31539.447718333333,31539.447718333333,0.0,56265.325327838895,0.0,50.07808333333333,4.0
12/15(금),16,9.604333333333331,8.837333333333333,8.815249999999999,4333.5886666666665,1512.9806666666666,1508.26625,1450.4690833333334,0.9395416666666668,0.8872083333333334,0.7860083333333333,0.134,3708.039833333333,231.3,230.94166666666663,231.96833333333333,56269.895327838894,31543.40771833333,31543.40771833333,0.0,56269.895327838894,0.0,50.084833333333336,4.0
12/15(금),17,9.59,9.145416666666668,8.793000000000001,4324.880833333334,1510.1871666666668,1505.5588333333333,1441.5263333333337,0.9380083333333334,0.8847833333333334,0.7875416666666667,0.1336083333333333,3725.251166666667,232.07083333333333,231.72666666666663,232.7075,56274.3053278389,31547.18771833333,31547.18771833333,0.0,56274.3053278389,0.0,50.08691666666667,4.0
12/15(금),18,9.48675,8.693166666666666,8.802,4213.694833333333,1478.4661666666666,1475.5806666666665,1451.0205833333334,0.9404083333333334,0.877675,0.7868166666666667,0.1358083333333333,3680.540333333333,231.59833333333333,231.1375,232.2975,56278.575327838895,31550.92771833333,31550.92771833333,0.0,56278.575327838895,0.0,50.08808333333333,4.0
12/15(금),19,8.705,8.840666666666666,7.519333333333333,4337.054833333334,1513.888,1507.4651666666666,1316.1561666666666,0.9481583333333332,0.8850333333333334,0.789375,0.1192833333333333,3729.559,232.0483333333333,231.66,232.72666666666663,56282.8053278389,31554.54771833333,31554.54771833333,0.0,56282.8053278389,0.0,50.08166666666667,4.0
12/15(금),20,8.593250000000001,8.734666666666667,7.751666666666667,4243.2585,1483.5419166666666,1475.6286666666667,1283.6176666666663,0.9463083333333332,0.8835416666666667,0.7874,0.1176166666666666,3754.5833333333335,232.84833333333333,232.52,233.50916666666663,56287.035327838894,31558.20771833333,31558.20771833333,0.0,56287.035327838894,0.0,50.08166666666667,4.0
12/15(금),21,10.011083333333334,10.20075,9.217,4645.5105,1616.5645,1614.4711666666667,1504.184166666667,0.9328666666666668,0.8738416666666667,0.781125,0.1319666666666666,4184.87375,232.8408333333333,232.59583333333333,233.495,56291.255327838895,31561.90771833333,31561.90771833333,0.0,56291.255327838895,0.0,50.08658333333334,4.0
12/15(금),22,8.698749999999999,8.872833333333334,7.8565,4365.029833333333,1524.8643333333334,1521.5176666666666,1322.5158333333334,0.94975,0.8865833333333334,0.7933666666666668,0.1204416666666666,3688.033,230.995,230.79333333333332,231.6783333333333,56295.7453278389,31565.91771833333,31565.91771833333,0.0,56295.7453278389,0.0,50.07866666666667,4.0
12/15(금),23,8.565166666666666,8.836583333333333,7.817166666666666,4323.746,1509.030166666667,1509.5095833333332,1307.779,0.9514166666666668,0.8859,0.7903666666666668,0.119425,3680.1925,231.13416666666663,230.91583333333332,231.8575,56300.0553278389,31569.59771833333,31569.607718333333,0.0,56300.0553278389,0.0,50.07741666666666,4.0
12/16(토),0,10.15825,9.79,9.373833333333334,4616.120666666667,1606.7398333333333,1605.5923333333335,1527.0555,0.9364666666666668,0.8813333333333334,0.7850083333333334,0.1453083333333333,3989.73575,230.34416666666667,230.1825,231.03166666666667,56304.3753278389,31573.31771833333,31573.31771833333,0.0,56304.3753278389,0.0,50.07516666666667,5.0
12/16(토),1,9.2125,9.409333333333334,8.384333333333334,4300.427333333333,1503.5918333333332,1499.9055,1379.2441666666666,0.9425916666666668,0.8833416666666667,0.7874416666666667,0.1291833333333333,3641.20825,230.26916666666665,230.185,231.0075,56308.6753278389,31577.00771833333,31577.017718333333,0.0,56308.6753278389,0.0,50.07683333333333,5.0
12/16(토),2,8.639333333333333,8.829666666666666,7.786,4317.3955,1508.6211666666668,1506.9701666666667,1301.2218333333333,0.9521333333333334,0.8861583333333333,0.7911166666666668,0.1196666666666666,3647.5175,230.2458333333333,230.215,231.00083333333333,56312.895327838894,31580.59771833333,31580.59771833333,0.0,56312.895327838894,0.0,50.07166666666667,5.0
12/16(토),3,7.861833333333333,8.03625,6.279166666666667,3917.036666666667,1378.5768333333333,1372.5730833333332,1058.3393333333331,0.95395,0.8892666666666666,0.7932833333333333,0.0967416666666666,3274.922833333333,230.12166666666664,230.15416666666667,230.94083333333336,56317.0553278389,31584.127718333333,31584.127718333333,0.0,56317.0553278389,0.0,50.074,5.0
12/16(토),4,8.911249999999999,9.117083333333332,8.077666666666666,4305.995666666667,1503.9665,1503.9724166666667,1340.0273333333332,0.9461333333333334,0.8863000000000001,0.7887416666666667,0.124525,3627.807833333333,229.91416666666663,229.925,230.74666666666664,56321.1353278389,31587.54771833333,31587.54771833333,0.0,56321.1353278389,0.0,50.07775,5.0
12/16(토),5,7.844083333333333,8.025916666666667,6.988,4211.535833333333,1470.9185,1472.151,1165.7148333333332,0.9563833333333334,0.8847583333333334,0.7936333333333334,0.1020083333333333,3642.3245,230.26583333333332,230.1775,231.045,56325.295327838896,31591.08771833333,31591.08771833333,0.0,56325.295327838896,0.0,50.078,5.0
12/16(토),6,9.21275,9.409250000000002,8.4275,4312.077833333333,1501.5191666666667,1503.034666666667,1395.5241666666666,0.9436666666666668,0.884875,0.7894916666666667,0.1302583333333333,3632.385166666667,229.535,229.3325,230.3275,56329.45532783891,31594.65771833333,31594.65771833333,0.0,56329.4553278389,0.0,50.081916666666665,5.0
12/16(토),7,8.501833333333334,8.671916666666668,8.042083333333332,4219.049166666667,1472.476,1469.101,1330.2233333333331,0.9511166666666668,0.8848833333333334,0.7898250000000001,0.1247833333333333,3625.1038333333336,230.56166666666667,230.3083333333333,231.3775,56333.755327838895,31598.31771833333,31598.31771833333,0.0,56333.755327838895,0.0,50.07983333333333,5.0
12/16(토),8,5.074166666666667,5.165333333333334,4.1146666666666665,2537.205166666666,921.0005,908.8551666666666,707.0373333333334,0.9729833333333332,0.9026166666666668,0.798,0.0615916666666666,1905.7183333333332,231.2958333333333,231.00666666666663,232.10583333333332,56338.2353278389,31602.147718333334,31602.147718333334,0.0,56338.2353278389,0.0,50.08466666666666,5.0
12/16(토),9,4.723166666666667,4.797666666666667,3.7465,2252.599666666667,829.3161666666667,812.5355,611.3979999999999,0.9698416666666668,0.9018,0.7962416666666667,0.057475,1838.654,231.66833333333332,231.33666666666667,232.4725,56341.0153278389,31604.27771833333,31604.27771833333,0.0,56341.0153278389,0.0,50.08883333333333,5.0
12/16(토),10,8.672166666666666,8.816333333333334,7.8485,4317.762833333333,1505.1733333333332,1501.5248333333334,1309.827,0.950675,0.8846166666666667,0.7893916666666667,0.1188,3725.7966666666666,232.15583333333333,231.8225,232.89916666666667,56343.045327838896,31605.97771833333,31605.97771833333,0.0,56343.045327838896,0.0,50.088166666666666,5.0
12/16(토),11,9.022833333333333,9.154333333333334,8.186666666666666,4320.954166666666,1508.9978333333331,1501.1369166666666,1353.3419166666667,0.9420166666666668,0.8804666666666667,0.7859833333333334,0.120625,3809.9561666666655,232.56833333333333,232.2825,233.35916666666665,56347.225327838896,31609.607718333333,31609.607718333333,0.0,56347.225327838896,0.0,50.07508333333333,5.0
12/16(토),12,9.29,9.494666666666664,8.547333333333334,4630.023166666667,1609.9285000000002,1601.6576666666667,1418.3436666666666,0.941475,0.88105,0.7853583333333334,0.1294,4119.591333333334,232.57666666666668,232.14916666666667,233.18166666666667,56351.285327838894,31613.15771833333,31613.16771833333,0.0,56351.285327838894,0.0,50.08158333333333,5.0
12/16(토),13,9.378583333333331,9.488,8.529333333333334,4647.630166666667,1618.4123333333334,1605.13075,1422.6326666666666,0.9430333333333334,0.881025,0.7886666666666666,0.1252083333333333,4068.6638333333335,231.79666666666665,231.3925,232.3375,56355.725327838896,31617.04771833333,31617.04771833333,0.0,56355.725327838896,0.0,50.090916666666665,5.0
12/16(토),14,8.072,8.18225,7.176,4375.358166666667,1529.4155,1517.421,1220.7503333333334,0.957725,0.8835333333333334,0.7900000000000001,0.1015416666666666,3699.786,231.11916666666667,230.72916666666663,231.73666666666668,56360.185327838895,31620.90771833333,31620.90771833333,0.0,56360.185327838895,0.0,50.082,5.0
12/16(토),15,8.883999999999999,9.03975,8.0365,4232.5647500000005,1481.342,1474.3411666666666,1333.071333333333,0.9487416666666668,0.8853083333333334,0.7889916666666666,0.1248416666666666,3811.5464166666666,230.555,230.2408333333333,231.2516666666667,56364.615327838896,31624.72771833333,31624.72771833333,0.0,56364.615327838896,0.0,50.07725000000001,5.0
12/16(토),16,9.274666666666668,9.4145,8.449666666666667,4323.870166666667,1511.2631666666666,1501.6778333333334,1405.6276666666668,0.9443,0.8810583333333334,0.78915,0.1305416666666666,3625.112333333333,229.3258333333333,229.0075,230.04416666666663,56368.965327838894,31628.43771833333,31628.43771833333,0.0,56368.965327838894,0.0,50.06325,5.0
12/16(토),17,7.819666666666666,7.942666666666667,6.9675,4218.015166666667,1471.3801666666666,1466.094833333333,1170.2698333333333,0.955,0.8933,0.7918000000000001,0.1036166666666666,3542.790833333333,229.66666666666663,229.29,230.3825,56373.1953278389,31632.00771833333,31632.00771833333,0.0,56373.1953278389,0.0,50.086083333333335,5.0
12/16(토),18,7.88125,9.70625,7.006,4222.6015,1476.5089999999998,1467.301,1169.9268333333334,0.9520166666666668,0.8869333333333334,0.7889333333333334,0.1071916666666666,3690.088666666667,231.19083333333336,230.765,231.88,56377.435327838895,31635.56771833333,31635.57771833333,0.0,56377.435327838895,0.0,50.068583333333336,5.0
12/16(토),19,8.910083333333334,8.006833333333335,8.086916666666667,3913.212333333333,1374.996,1363.7235833333334,1341.5679166666666,0.9449666666666666,0.885275,0.7879,0.1244083333333333,3337.9069166666663,231.79083333333332,231.35666666666663,232.41833333333332,56381.645327838894,31639.217718333333,31639.217718333333,0.0,56381.645327838894,0.0,50.07991666666667,5.0
12/16(토),20,8.940833333333334,9.0765,8.094583333333334,4280.661,1496.835,1487.4106666666669,1334.9351666666666,0.9424666666666668,0.8851333333333334,0.7854083333333334,0.121675,3730.237,232.07,231.6975,232.6925,56385.6753278389,31642.697718333333,31642.697718333333,0.0,56385.6753278389,0.0,50.077,5.0
12/16(토),21,7.849583333333333,7.990833333333333,6.9695,3863.509833333333,1359.8018333333334,1351.2418333333333,1153.4873333333337,0.9538,0.887,0.7891666666666667,0.1056666666666666,3374.1428333333333,232.49,232.2075,233.19,56389.685327838895,31646.18771833333,31646.18771833333,0.0,56389.685327838895,0.0,50.078,5.0
12/16(토),22,1.12925,1.13,0.0,451.89383333333336,240.75341666666665,211.14283333333333,0.0,0.9933583333333332,0.9171083333333332,0.802825,0.0,51.698,232.86166666666668,232.69916666666668,233.61666666666667,56393.595327838906,31649.57771833333,31649.57771833333,0.0,56393.5953278389,0.0,50.068,5.0
12/16(토),23,1.1277499999999998,1.13,0.0,451.70116666666667,240.6170833333333,211.12108333333333,0.0,0.9934583333333332,0.9168916666666668,0.8031583333333334,0.0,51.556916666666666,232.94083333333336,232.8083333333333,233.7325,56394.045327838896,31649.627718333333,31649.627718333333,0.0,56394.045327838896,0.0,50.074,5.0
12/17(일),0,8.82925,7.385,6.326,3867.501333333333,1363.1903333333332,1354.2596666666666,1055.5036666666667,0.9434666666666666,0.8912416666666666,0.7914666666666667,0.0893416666666666,3431.9855833333336,232.4658333333333,232.29,233.1875,56394.4953278389,31649.67771833333,31649.67771833333,0.0,56394.4953278389,0.0,50.05175,6.0
12/17(일),1,8.689083333333334,8.857083333333332,7.809333333333333,4309.217500000001,1507.5488333333335,1503.7791666666667,1297.8495,0.9466333333333332,0.88465,0.7880916666666667,0.11785,3782.486,232.59,232.58666666666667,233.20666666666665,56398.475327838896,31653.217718333333,31653.217718333333,0.0,56398.475327838896,0.0,50.06008333333333,6.0
12/17(일),2,1.1270833333333334,1.1296666666666666,0.0,450.75166666666667,240.05133333333333,210.71233333333333,0.0,0.9931583333333334,0.917275,0.8031,0.0,51.705416666666665,232.5175,232.54416666666663,233.21833333333333,56402.625327838905,31656.86771833333,31656.86771833333,0.0,56402.6253278389,0.0,50.06583333333333,6.0
12/17(일),3,8.5565,8.727833333333333,7.693666666666667,3899.851166666667,1373.9138333333333,1365.0745,1265.3206666666665,0.9488,0.8839916666666667,0.7889333333333333,0.1171833333333333,3387.1495,232.42166666666665,232.32,233.1133333333333,56403.075327838895,31656.91771833333,31656.91771833333,0.0,56403.075327838895,0.0,50.06583333333333,6.0
12/17(일),4,8.075583333333334,8.21675,7.167166666666666,4268.286666666667,1497.5191666666665,1486.46775,1208.4266666666667,0.9413,0.8887833333333333,0.7914916666666667,0.1070916666666666,3761.288833333333,232.5233333333333,232.40916666666664,233.1533333333333,56407.0853278389,31660.447718333333,31660.447718333333,0.0,56407.0853278389,0.0,50.06916666666667,6.0
12/17(일),5,9.52875,9.725416666666666,8.688583333333334,4272.025333333333,1498.1913333333332,1490.4311666666665,1397.5258333333334,0.9417083333333331,0.8742166666666668,0.7806166666666667,0.1235166666666666,3792.18375,232.71416666666667,232.59833333333333,233.41666666666663,56411.0553278389,31663.93771833333,31663.93771833333,0.0,56411.0553278389,0.0,50.061166666666665,6.0
12/17(일),6,8.547333333333334,8.733083333333333,6.978833333333333,4214.7238333333335,1477.443083333333,1471.9113333333332,1157.055,0.9464083333333334,0.884575,0.787625,0.1009416666666666,3717.53825,231.75916666666663,231.59833333333333,232.4025,56415.0553278389,31667.45771833333,31667.467718333333,0.0,56415.0553278389,0.0,50.058166666666665,6.0
12/17(일),7,1.121,1.12375,0.0,447.0893333333333,238.088,209.0065,0.0,0.99365,0.9169,0.8031666666666667,0.0,50.91858333333333,231.4425,231.33083333333332,232.19166666666663,56419.3753278389,31671.267718333333,31671.267718333333,0.0,56419.3753278389,0.0,50.07425,6.0
12/17(일),8,8.61025,9.470166666666668,7.851,4592.322833333334,1598.607,1596.7755,1315.3333333333333,0.9521583333333332,0.8861916666666667,0.7877,0.1200416666666666,4032.027666666667,231.10416666666663,230.9008333333333,231.7516666666667,56419.8853278389,31671.31771833333,31671.40771833333,0.0,56419.8853278389,0.0,50.06275,6.0
12/17(일),9,9.20775,9.374666666666666,8.389166666666666,4273.969916666667,1494.6278333333332,1487.024,1374.229833333333,0.947675,0.8844083333333334,0.7882666666666668,0.1278333333333333,3698.8555,231.10666666666663,230.82416666666668,231.78,56424.235327838906,31675.147718333334,31675.147718333334,0.0,56424.2353278389,0.0,50.06975,6.0
12/17(일),10,10.257,10.443916666666668,9.4795,4625.987999999999,1608.0656666666666,1606.1236666666666,1556.49225,0.939775,0.8750166666666667,0.7888000000000001,0.14695,4008.91725,230.785,230.4575,231.465,56428.395327838894,31678.767718333333,31678.767718333333,0.0,56428.395327838894,0.0,50.06783333333333,6.0
12/17(일),11,7.368333333333334,7.478666666666667,6.4645,4042.880583333333,1419.3193333333334,1408.9748333333334,1106.3985,0.959875,0.8898499999999999,0.7931583333333333,0.0930166666666666,3308.4096666666665,230.6708333333333,230.44083333333336,231.33416666666665,56432.865327838896,31682.65771833333,31682.65771833333,0.0,56432.865327838896,0.0,50.0765,6.0
12/17(일),12,9.026083333333334,9.129333333333332,8.175166666666666,4340.469166666667,1516.7138333333337,1503.6894166666668,1370.1781666666668,0.9462166666666668,0.8837499999999999,0.7893416666666667,0.12535,3668.125,230.52166666666665,230.175,231.15666666666667,56437.045327838896,31686.16771833333,31686.16771833333,0.0,56437.045327838896,0.0,50.07816666666667,6.0
12/17(일),13,3.576083333333333,4.336083333333334,3.26425,1517.6326666666666,489.813,464.4414166666666,418.96875,0.9763916666666668,0.9044,0.7989166666666667,0.04005,789.2956666666666,231.51416666666668,231.19083333333336,232.075,56441.505327838895,31690.017718333333,31690.017718333333,0.0,56441.505327838895,0.0,50.07591666666666,6.0
12/17(일),14,6.434666666666667,6.5305,5.475333333333333,3163.098833333333,1133.7,1114.6276666666668,914.7383333333332,0.9613333333333334,0.8948750000000001,0.7927666666666667,0.0833333333333333,2639.5466666666666,232.34666666666664,232.0025,232.95666666666665,56442.9953278389,31691.057718333333,31691.057718333333,0.0,56442.9953278389,0.0,50.05833333333333,6.0
12/17(일),15,10.1605,10.176333333333334,9.155,4035.4066666666663,1384.3226666666667,1417.9633333333334,1336.959833333333,0.9521083333333332,0.8881666666666667,0.7895166666666668,0.1237083333333333,3426.756,232.07833333333332,231.7175,232.6733333333333,56446.1053278389,31693.66771833333,31693.66771833333,0.0,56446.1053278389,0.0,50.06925,6.0
12/17(일),16,8.194833333333333,7.997083333333333,7.304749999999999,3889.4678333333336,1370.150666666667,1357.8865,1208.6849166666666,0.9498916666666666,0.8859166666666667,0.7909833333333334,0.1124,3318.6381666666666,230.80666666666667,230.5375,231.38,56450.2053278389,31697.197718333333,31697.197718333333,0.0,56450.2053278389,0.0,50.06608333333334,6.0
12/17(일),17,9.185666666666666,9.336333333333332,8.354833333333334,4271.676083333334,1493.137,1484.241166666667,1370.8313333333333,0.940775,0.8792833333333334,0.7862916666666667,0.1288666666666666,3638.545,230.24916666666667,229.96416666666667,230.92166666666665,56454.255327838895,31700.66771833333,31700.66771833333,0.0,56454.255327838895,0.0,50.06733333333333,6.0
12/17(일),18,9.082083333333332,9.375666666666667,8.381,4278.411,1492.2196666666666,1493.7346666666667,1376.6661666666666,0.94165,0.8800916666666667,0.7898583333333333,0.1294,3639.4543333333336,230.11,229.94833333333327,230.98416666666665,56458.3353278389,31704.147718333334,31704.147718333334,0.0,56458.3353278389,0.0,50.056916666666666,6.0
12/17(일),19,9.501166666666668,9.673166666666669,8.696333333333333,4554.5216666666665,1585.2326666666663,1581.3755,1424.5823333333333,0.9396333333333332,0.8808416666666667,0.7867916666666667,0.1347416666666666,3955.860666666667,229.835,229.58166666666665,230.5225,56462.365327838896,31707.56771833333,31707.56771833333,0.0,56462.365327838896,0.0,50.05783333333333,6.0
12/17(일),20,5.880750000000001,5.9945,4.935666666666666,3257.547,1160.1735,1149.047,852.2426666666667,0.9699666666666666,0.896625,0.7950083333333334,0.0746916666666666,2581.2901666666667,230.09166666666667,229.94583333333333,230.75583333333333,56466.7753278389,31711.32771833333,31711.32771833333,0.0,56466.7753278389,0.0,50.05466666666667,6.0
12/17(일),21,2.4153333333333338,2.447666666666667,1.3483333333333334,1051.221,434.6931666666667,410.4465,205.7145,0.9830583333333334,0.9103833333333334,0.7993666666666667,0.0220166666666666,730.3294999999999,230.0133333333333,229.99416666666667,230.8525,56470.2453278389,31714.127718333333,31714.127718333333,0.0,56470.2453278389,0.0,50.06091666666667,6.0
12/17(일),22,8.862583333333333,9.0425,8.029083333333334,4251.546,1486.9841666666666,1483.4985,1321.0734166666666,0.9429666666666668,0.8820833333333334,0.78845,0.1235,3643.652833333333,229.95166666666668,229.87166666666664,230.8383333333333,56471.215327838894,31714.767718333333,31714.767718333333,0.0,56471.215327838894,0.0,50.06091666666667,6.0
12/17(일),23,9.47075,8.161833333333332,7.1105,4284.807,1494.2336666666667,1498.1996666666666,1204.0768333333333,0.95575,0.886225,0.7914833333333334,0.1093916666666666,3602.7658333333334,229.465,229.2675,230.2,56475.225327838896,31718.18771833333,31718.18771833333,0.0,56475.225327838896,0.0,50.06633333333333,6.0
12/18(월),0,8.653833333333333,9.426333333333334,7.811833333333333,4555.194,1584.1771666666668,1586.4108333333331,1308.6005,0.949625,0.886375,0.7816333333333334,0.120075,3996.2205,230.03583333333333,229.97583333333333,230.6483333333333,56479.5253278389,31721.83771833333,31721.83771833333,0.0,56479.5253278389,0.0,50.06816666666667,0.0
