device_id,n_train_windows,n_val_windows,lstm_top2,n_test_windows,n_outlier,n_warning,warning_rate,po_ao,po_ai,pi_ao,pi_ai,po_ao_rate,po_ai_rate,pi_ao_rate
116,294,134,"v7,v6",46,24,25,54.3478,21,4,3,18,45.6522,8.6957,6.5217
121,294,134,"v7,v4",46,0,14,30.4348,0,14,0,32,0.0,30.4348,0.0
123,246,110,"v4,v2",46,0,7,15.2174,0,7,0,39,0.0,15.2174,0.0
170,358,166,"v4,v6",70,17,11,15.7143,8,3,9,50,11.4286,4.2857,12.8571
171,358,166,"v1,v7",70,0,30,42.8571,0,30,0,40,0.0,42.8571,0.0
241,390,182,"v1,v2",70,15,8,11.4286,2,6,13,49,2.8571,8.5714,18.5714
247,422,198,"v7,v4",70,12,10,14.2857,4,6,8,52,5.7143,8.5714,11.4286
259,454,214,"v4,v7",94,3,0,0.0,0,0,3,91,0.0,0.0,3.1915
261,364,170,"v6,v2",69,7,6,8.6957,6,0,1,62,8.6957,0.0,1.4493
262,364,170,"v1,v6",69,31,25,36.2319,20,5,11,33,28.9855,7.2464,15.942
263,372,174,"v7,v1",70,12,0,0.0,0,0,12,58,0.0,0.0,17.1429
264,372,174,"v7,v2",70,0,0,0.0,0,0,0,70,0.0,0.0,0.0
265,372,174,"v1,v7",70,0,0,0.0,0,0,0,70,0.0,0.0,0.0
266,372,174,"v6,v1",70,23,15,21.4286,13,2,10,45,18.5714,2.8571,14.2857
267,373,174,"v7,v6",70,0,0,0.0,0,0,0,70,0.0,0.0,0.0
268,373,174,"v7,v1",70,11,7,10.0,1,6,10,53,1.4286,8.5714,14.2857
269,373,174,"v6,v1",58,0,0,0.0,0,0,0,58,0.0,0.0,0.0
270,373,174,"v1,v7",70,0,0,0.0,0,0,0,70,0.0,0.0,0.0
283,262,118,"v7,v6",46,1,1,2.1739,1,0,0,45,2.1739,0.0,0.0
286,160,67,"v4,v1",118,28,44,37.2881,18,26,10,64,15.2542,22.0339,8.4746
289,374,174,"v4,v7",70,10,6,8.5714,1,5,9,55,1.4286,7.1429,12.8571
296,116,45,"v4,v7",70,12,31,44.2857,7,24,5,34,10.0,34.2857,7.1429
297,116,45,"v4,v7",70,15,17,24.2857,7,10,8,45,10.0,14.2857,11.4286
298,116,45,"v7,v4",70,14,9,12.8571,7,2,7,54,10.0,2.8571,10.0
299,202,88,"v4,v7",70,28,12,17.1429,12,0,16,42,17.1429,0.0,22.8571
300,202,88,"v4,v2",70,19,9,12.8571,7,2,12,49,10.0,2.8571,17.1429
301,202,88,"v4,v2",70,15,7,10.0,6,1,9,54,8.5714,1.4286,12.8571
321,262,118,"v7,v1",46,4,5,10.8696,1,4,3,38,2.1739,8.6957,6.5217
334,262,118,"v4,v1",46,8,4,8.6957,2,2,6,36,4.3478,4.3478,13.0435
346,182,78,"v6,v1",46,0,8,17.3913,0,8,0,38,0.0,17.3913,0.0
348,182,78,"v7,v4",46,17,5,10.8696,5,0,12,29,10.8696,0.0,26.087
363,166,70,"v7,v1",46,0,24,52.1739,0,24,0,22,0.0,52.1739,0.0
365,78,26,"v4,v1",9,4,3,33.3333,1,2,3,3,11.1111,22.2222,33.3333
366,166,70,"v4,v6",46,0,0,0.0,0,0,0,46,0.0,0.0,0.0
370,88,32,"v4,v7",0,,,,,,,,,,
371,86,31,"v7,v4",0,,,,,,,,,,
372,87,31,"v2,v7",8,2,1,12.5,1,0,1,6,12.5,0.0,12.5
378,26,1,"v7,v2",0,,,,,,,,,,
414,118,46,"v1,v4",22,8,13,59.0909,6,7,2,7,27.2727,31.8182,9.0909
416,118,46,"v1,v7",22,11,10,45.4545,10,0,1,11,45.4545,0.0,4.5455
417,118,46,"v7,v2",22,1,1,4.5455,0,1,1,20,0.0,4.5455,4.5455
418,118,46,"v4,v6",22,0,0,0.0,0,0,0,22,0.0,0.0,0.0
419,118,46,"v1,v2",22,7,3,13.6364,0,3,7,12,0.0,13.6364,31.8182
439,102,38,"v1,v7",22,11,0,0.0,0,0,11,11,0.0,0.0,50.0
440,102,38,"v1,v6",22,8,16,72.7273,6,10,2,4,27.2727,45.4545,9.0909
441,102,38,"v4,v7",22,0,0,0.0,0,0,0,22,0.0,0.0,0.0
442,102,38,"v7,v2",22,0,0,0.0,0,0,0,22,0.0,0.0,0.0
448,86,30,"v2,v1",22,4,2,9.0909,1,1,3,17,4.5455,4.5455,13.6364
451,86,30,"v7,v6",22,11,8,36.3636,8,0,3,11,36.3636,0.0,13.6364
454,86,30,"v6,v4",22,9,4,18.1818,3,1,6,12,13.6364,4.5455,27.2727
459,53,14,"v2,v6",22,2,2,9.0909,0,2,2,18,0.0,9.0909,9.0909
461,31,3,"v4,v7",22,3,1,4.5455,0,1,3,18,0.0,4.5455,13.6364
463,86,30,"v1,v7",22,0,7,31.8182,0,7,0,15,0.0,31.8182,0.0
467,372,174,"v2,v6",70,22,20,28.5714,9,11,13,37,12.8571,15.7143,18.5714
479,230,102,"v1,v4",46,5,16,34.7826,0,16,5,25,0.0,34.7826,10.8696
480,230,102,"v6,v7",46,5,13,28.2609,2,11,3,30,4.3478,23.913,6.5217
481,230,102,"v7,v6",46,0,3,6.5217,0,3,0,43,0.0,6.5217,0.0
482,230,102,"v4,v7",46,1,2,4.3478,0,2,1,43,0.0,4.3478,2.1739
483,230,102,"v1,v2",46,3,20,43.4783,2,18,1,25,4.3478,39.1304,2.1739
484,118,46,"v1,v7",22,0,5,22.7273,0,5,0,17,0.0,22.7273,0.0
485,94,34,"v6,v1",46,11,26,56.5217,10,16,1,19,21.7391,34.7826,2.1739
509,230,102,"v1,v7",46,0,0,0.0,0,0,0,46,0.0,0.0,0.0
52,342,158,"v7,v6",70,5,6,8.5714,3,3,2,62,4.2857,4.2857,2.8571
548,134,54,"v7,v6",22,14,20,90.9091,14,6,0,2,63.6364,27.2727,0.0
56,342,158,"v7,v4",70,6,2,2.8571,1,1,5,63,1.4286,1.4286,7.1429
80,367,171,"v7,v1",0,,,,,,,,,,
82,342,158,"v7,v6",70,23,37,52.8571,14,23,9,24,20.0,32.8571,12.8571
86,342,158,"v7,v2",70,1,14,20.0,1,13,0,56,1.4286,18.5714,0.0
87,342,158,"v7,v6",70,3,15,21.4286,0,15,3,52,0.0,21.4286,4.2857
