target_id,대상,모델군,모델,하이퍼파라미터,입력 형태,상세 설정,학습 표본,2022 RMSE,2022 MAE,2022 R²,2023 RMSE,2023 MAE,2023 R²
T1_group__local_cooling__P,국소 냉방,SVR,"SVR (RBF, s=16,000, C=5, ε=0.1)","RBF, sample=16,000, C=5, ε=0.1","한 시점의 입력을 26개 숫자 컬럼으로 펼친다. 26개는 target_lag_1..24, hour_sin, hour_cos다.","kernel=RBF, C=5, epsilon=0.1, gamma=scale, 학습 표본=16,000, X/y 표준화",16000,1860.4253809638303,897.6778834134732,0.915882545285501,2327.7390575811546,973.7885989943574,0.875379391549194
T1_group__local_cooling__P,국소 냉방,SVR,"SVR (RBF, s=16,000, C=2, ε=0.1)","RBF, sample=16,000, C=2, ε=0.1","한 시점의 입력을 26개 숫자 컬럼으로 펼친다. 26개는 target_lag_1..24, hour_sin, hour_cos다.","kernel=RBF, C=2, epsilon=0.1, gamma=scale, 학습 표본=16,000, X/y 표준화",16000,1866.681373512776,902.2620203531156,0.9153158760093214,2343.8250809147303,974.3085493122696,0.8736510391770365
T1_group__local_cooling__P,국소 냉방,SVR,"SVR (RBF, s=16,000, C=5, ε=0.05)","RBF, sample=16,000, C=5, ε=0.05","한 시점의 입력을 26개 숫자 컬럼으로 펼친다. 26개는 target_lag_1..24, hour_sin, hour_cos다.","kernel=RBF, C=5, epsilon=0.05, gamma=scale, 학습 표본=16,000, X/y 표준화",16000,1880.601729264854,904.3332036735072,0.9140481410969457,2327.4202430316814,974.9654366976658,0.8754135260817364
T1_group__local_cooling__P,국소 냉방,SVR,"SVR (RBF, s=16,000, C=5, ε=0.02)","RBF, sample=16,000, C=5, ε=0.02","한 시점의 입력을 26개 숫자 컬럼으로 펼친다. 26개는 target_lag_1..24, hour_sin, hour_cos다.","kernel=RBF, C=5, epsilon=0.02, gamma=scale, 학습 표본=16,000, X/y 표준화",16000,1894.853147024282,909.8576442017776,0.9127404987799436,2328.5656311016523,977.947646762168,0.8752908709878716
T1_group__local_cooling__P,국소 냉방,SVR,"SVR (RBF, s=8,000, C=5, ε=0.1)","RBF, sample=8,000, C=5, ε=0.1","한 시점의 입력을 26개 숫자 컬럼으로 펼친다. 26개는 target_lag_1..24, hour_sin, hour_cos다.","kernel=RBF, C=5, epsilon=0.1, gamma=scale, 학습 표본=8,000, X/y 표준화",8000,1920.301578061547,942.2324890312068,0.910380918384295,2404.70381201257,1002.956599862064,0.8670021980377154
T1_group__local_cooling__P,국소 냉방,SVR,"SVR (RBF, s=8,000, C=5, ε=0.05)","RBF, sample=8,000, C=5, ε=0.05","한 시점의 입력을 26개 숫자 컬럼으로 펼친다. 26개는 target_lag_1..24, hour_sin, hour_cos다.","kernel=RBF, C=5, epsilon=0.05, gamma=scale, 학습 표본=8,000, X/y 표준화",8000,1925.1538041238075,932.2711035372485,0.909927446449004,2401.32483387158,997.7782422499698,0.8673757001112122
T1_group__local_cooling__P,국소 냉방,SVR,"SVR (RBF, s=8,000, C=5, ε=0.02)","RBF, sample=8,000, C=5, ε=0.02","한 시점의 입력을 26개 숫자 컬럼으로 펼친다. 26개는 target_lag_1..24, hour_sin, hour_cos다.","kernel=RBF, C=5, epsilon=0.02, gamma=scale, 학습 표본=8,000, X/y 표준화",8000,1930.1257433900853,928.6391276768396,0.9094615994513856,2404.7867628395534,995.3773797879954,0.8669930222981626
T1_group__local_cooling__P,국소 냉방,SVR,"SVR (RBF, s=8,000, C=2, ε=0.1)","RBF, sample=8,000, C=2, ε=0.1","한 시점의 입력을 26개 숫자 컬럼으로 펼친다. 26개는 target_lag_1..24, hour_sin, hour_cos다.","kernel=RBF, C=2, epsilon=0.1, gamma=scale, 학습 표본=8,000, X/y 표준화",8000,1938.0965574189304,952.7256976685496,0.90871226497898,2437.396607680238,1002.653675217964,0.8633613116103929
T1_group__local_cooling__P,국소 냉방,SVR,"SVR (RBF, s=8,000, C=2, ε=0.05)","RBF, sample=8,000, C=2, ε=0.05","한 시점의 입력을 26개 숫자 컬럼으로 펼친다. 26개는 target_lag_1..24, hour_sin, hour_cos다.","kernel=RBF, C=2, epsilon=0.05, gamma=scale, 학습 표본=8,000, X/y 표준화",8000,1944.9979521177704,940.5286318863176,0.9080609719373032,2447.2707582116304,1000.5498240337243,0.8622519937170875
T1_group__local_cooling__P,국소 냉방,SVR,"SVR (RBF, s=8,000, C=2, ε=0.02)","RBF, sample=8,000, C=2, ε=0.02","한 시점의 입력을 26개 숫자 컬럼으로 펼친다. 26개는 target_lag_1..24, hour_sin, hour_cos다.","kernel=RBF, C=2, epsilon=0.02, gamma=scale, 학습 표본=8,000, X/y 표준화",8000,1947.9655363242337,934.8500768750828,0.907780205628043,2451.215392430608,997.3032594842524,0.8618075774960471
T1_group__local_cooling__P,국소 냉방,SVR,"SVR (RBF, s=8,000, C=1, ε=0.1)","RBF, sample=8,000, C=1, ε=0.1","한 시점의 입력을 26개 숫자 컬럼으로 펼친다. 26개는 target_lag_1..24, hour_sin, hour_cos다.","kernel=RBF, C=1, epsilon=0.1, gamma=scale, 학습 표본=8,000, X/y 표준화",8000,1967.0545298118525,976.893998294664,0.9059639430553748,2520.838370494726,1018.8258897541602,0.8538458063179488
T1_group__local_cooling__P,국소 냉방,SVR,"SVR (RBF, s=8,000, C=1, ε=0.02)","RBF, sample=8,000, C=1, ε=0.02","한 시점의 입력을 26개 숫자 컬럼으로 펼친다. 26개는 target_lag_1..24, hour_sin, hour_cos다.","kernel=RBF, C=1, epsilon=0.02, gamma=scale, 학습 표본=8,000, X/y 표준화",8000,1968.9129306899536,960.8093527921036,0.9057861754947902,2531.763620959728,1013.2544131789484,0.8525762038123823
T1_group__local_cooling__P,국소 냉방,SVR,"SVR (RBF, s=8,000, C=1, ε=0.05)","RBF, sample=8,000, C=1, ε=0.05","한 시점의 입력을 26개 숫자 컬럼으로 펼친다. 26개는 target_lag_1..24, hour_sin, hour_cos다.","kernel=RBF, C=1, epsilon=0.05, gamma=scale, 학습 표본=8,000, X/y 표준화",8000,1971.2353289691748,965.0189069887392,0.9055637877369276,2530.2290402397066,1014.9920482540468,0.8527548659511237
T1_group__local_cooling__P,국소 냉방,SVR,"SVR (RBF, s=8,000, C=0.5, ε=0.02)","RBF, sample=8,000, C=0.5, ε=0.02","한 시점의 입력을 26개 숫자 컬럼으로 펼친다. 26개는 target_lag_1..24, hour_sin, hour_cos다.","kernel=RBF, C=0.5, epsilon=0.02, gamma=scale, 학습 표본=8,000, X/y 표준화",8000,2024.3560258446068,1003.5089528821426,0.9004054895955433,2683.428461233956,1045.9674401220914,0.8343843691369365
T1_group__local_cooling__P,국소 냉방,SVR,"SVR (RBF, s=8,000, C=0.5, ε=0.1)","RBF, sample=8,000, C=0.5, ε=0.1","한 시점의 입력을 26개 숫자 컬럼으로 펼친다. 26개는 target_lag_1..24, hour_sin, hour_cos다.","kernel=RBF, C=0.5, epsilon=0.1, gamma=scale, 학습 표본=8,000, X/y 표준화",8000,2028.811897505852,1023.8971944498423,0.8999665660464445,2674.371686094325,1052.7616046199769,0.8355004132858492
T1_group__local_cooling__P,국소 냉방,SVR,"SVR (RBF, s=8,000, C=0.5, ε=0.05)","RBF, sample=8,000, C=0.5, ε=0.05","한 시점의 입력을 26개 숫자 컬럼으로 펼친다. 26개는 target_lag_1..24, hour_sin, hour_cos다.","kernel=RBF, C=0.5, epsilon=0.05, gamma=scale, 학습 표본=8,000, X/y 표준화",8000,2028.8794373364533,1008.9111231589357,0.8999599056422437,2681.8694994750667,1044.7507634602778,0.8345767450027206
T1_group__local_cooling__P,국소 냉방,SVR,"SVR (linear, C=0.1, ε=0.1)","linear, C=0.1, ε=0.1","한 시점의 입력을 26개 숫자 컬럼으로 펼친다. 26개는 target_lag_1..24, hour_sin, hour_cos다.","kernel=linear, C=0.1, epsilon=0.1, X/y 표준화",33240,2095.7665254844096,1017.7224535281975,0.893255032298696,1920.6238624545117,858.3252530742965,0.915158972304269
T1_group__local_cooling__P,국소 냉방,SVR,"SVR (linear, C=10, ε=0.1)","linear, C=10, ε=0.1","한 시점의 입력을 26개 숫자 컬럼으로 펼친다. 26개는 target_lag_1..24, hour_sin, hour_cos다.","kernel=linear, C=10, epsilon=0.1, X/y 표준화",33240,2095.8271930064725,1017.641689987626,0.893248852176687,1920.454342723198,858.3814021178958,0.9151739482647288
T1_group__local_cooling__P,국소 냉방,SVR,"SVR (linear, C=1, ε=0.1)","linear, C=1, ε=0.1","한 시점의 입력을 26개 숫자 컬럼으로 펼친다. 26개는 target_lag_1..24, hour_sin, hour_cos다.","kernel=linear, C=1, epsilon=0.1, X/y 표준화",33240,2095.956251526707,1018.6665936609354,0.893235704557067,1920.809433241048,858.9855774025554,0.915142576822424
T1_group__local_cooling__P,국소 냉방,SVR,"SVR (linear, C=10, ε=0.05)","linear, C=10, ε=0.05","한 시점의 입력을 26개 숫자 컬럼으로 펼친다. 26개는 target_lag_1..24, hour_sin, hour_cos다.","kernel=linear, C=10, epsilon=0.05, X/y 표준화",33240,2100.9026353321224,1019.6271248428272,0.8927311898973979,1924.245559682338,857.7763400857065,0.9148387032218234
T1_group__local_cooling__P,국소 냉방,SVR,"SVR (linear, C=0.1, ε=0.05)","linear, C=0.1, ε=0.05","한 시점의 입력을 26개 숫자 컬럼으로 펼친다. 26개는 target_lag_1..24, hour_sin, hour_cos다.","kernel=linear, C=0.1, epsilon=0.05, X/y 표준화",33240,2102.030336372045,1014.3410108000156,0.8926160016802728,1923.788012865908,854.0263363498476,0.9148791976872502
T1_group__local_cooling__P,국소 냉방,SVR,"SVR (linear, C=1, ε=0.05)","linear, C=1, ε=0.05","한 시점의 입력을 26개 숫자 컬럼으로 펼친다. 26개는 target_lag_1..24, hour_sin, hour_cos다.","kernel=linear, C=1, epsilon=0.05, X/y 표준화",33240,2102.207880546239,1014.9357709511668,0.8925978609254647,1923.7883873081028,854.260843658799,0.9148791645517664
T1_group__local_cooling__P,국소 냉방,SVR,"SVR (linear, C=10, ε=0.02)","linear, C=10, ε=0.02","한 시점의 입력을 26개 숫자 컬럼으로 펼친다. 26개는 target_lag_1..24, hour_sin, hour_cos다.","kernel=linear, C=10, epsilon=0.02, X/y 표준화",33240,2102.671836673194,1012.3858749866424,0.8925504485076476,1924.840568392432,854.6393287562946,0.9147860285022598
T1_group__local_cooling__P,국소 냉방,SVR,"SVR (linear, C=1, ε=0.02)","linear, C=1, ε=0.02","한 시점의 입력을 26개 숫자 컬럼으로 펼친다. 26개는 target_lag_1..24, hour_sin, hour_cos다.","kernel=linear, C=1, epsilon=0.02, X/y 표준화",33240,2104.835064328244,1013.7803864910002,0.8923292466983896,1925.1841279139596,853.3382806783129,0.914755606570741
T1_group__local_cooling__P,국소 냉방,SVR,"SVR (linear, C=0.1, ε=0.02)","linear, C=0.1, ε=0.02","한 시점의 입력을 26개 숫자 컬럼으로 펼친다. 26개는 target_lag_1..24, hour_sin, hour_cos다.","kernel=linear, C=0.1, epsilon=0.02, X/y 표준화",33240,2105.464327389593,1014.5569532024364,0.8922648584175531,1925.6502563189983,853.5330596117941,0.914714322578317
T1_group__server_power__P,서버 전원,SVR,"SVR (linear, C=1, ε=0.1)","linear, C=1, ε=0.1","한 시점의 입력을 26개 숫자 컬럼으로 펼친다. 26개는 target_lag_1..24, hour_sin, hour_cos다.","kernel=linear, C=1, epsilon=0.1, X/y 표준화",33240,1444.6199349625786,1066.6912414976453,0.9832579940250372,1782.5552992479509,1112.1107310600048,0.958074666514746
T1_group__server_power__P,서버 전원,SVR,"SVR (linear, C=0.1, ε=0.1)","linear, C=0.1, ε=0.1","한 시점의 입력을 26개 숫자 컬럼으로 펼친다. 26개는 target_lag_1..24, hour_sin, hour_cos다.","kernel=linear, C=0.1, epsilon=0.1, X/y 표준화",33240,1445.1170000699992,1068.01726046248,0.983246470857605,1783.8108714624343,1114.1010944120178,0.9580155841144916
T1_group__server_power__P,서버 전원,SVR,"SVR (linear, C=1, ε=0.05)","linear, C=1, ε=0.05","한 시점의 입력을 26개 숫자 컬럼으로 펼친다. 26개는 target_lag_1..24, hour_sin, hour_cos다.","kernel=linear, C=1, epsilon=0.05, X/y 표준화",33240,1450.1028044825664,1060.3507434108292,0.9831306685899464,1798.2189267618594,1102.0764097729218,0.9573346186867446
T1_group__server_power__P,서버 전원,SVR,"SVR (linear, C=0.1, ε=0.05)","linear, C=0.1, ε=0.05","한 시점의 입력을 26개 숫자 컬럼으로 펼친다. 26개는 target_lag_1..24, hour_sin, hour_cos다.","kernel=linear, C=0.1, epsilon=0.05, X/y 표준화",33240,1450.4884525772518,1058.988508516771,0.9831216947564124,1798.2974439826748,1100.211865702311,0.9573308927329665
T1_group__server_power__P,서버 전원,SVR,"SVR (linear, C=0.1, ε=0.02)","linear, C=0.1, ε=0.02","한 시점의 입력을 26개 숫자 컬럼으로 펼친다. 26개는 target_lag_1..24, hour_sin, hour_cos다.","kernel=linear, C=0.1, epsilon=0.02, X/y 표준화",33240,1450.7630437743735,1057.0904547460714,0.9831153037055578,1802.7553444846576,1099.3729442258282,0.9571190808303126
T1_group__server_power__P,서버 전원,SVR,"SVR (linear, C=1, ε=0.02)","linear, C=1, ε=0.02","한 시점의 입력을 26개 숫자 컬럼으로 펼친다. 26개는 target_lag_1..24, hour_sin, hour_cos다.","kernel=linear, C=1, epsilon=0.02, X/y 표준화",33240,1450.9324282246282,1057.9396564495623,0.9831113607157328,1802.5200159668148,1099.7913724031505,0.9571302752994294
T1_group__server_power__P,서버 전원,SVR,"SVR (linear, C=10, ε=0.05)","linear, C=10, ε=0.05","한 시점의 입력을 26개 숫자 컬럼으로 펼친다. 26개는 target_lag_1..24, hour_sin, hour_cos다.","kernel=linear, C=10, epsilon=0.05, X/y 표준화",33240,1451.007815416719,1060.260390633899,0.9831096056785648,1799.881467357868,1101.399272941865,0.9572556897889476
T1_group__server_power__P,서버 전원,SVR,"SVR (linear, C=10, ε=0.02)","linear, C=10, ε=0.02","한 시점의 입력을 26개 숫자 컬럼으로 펼친다. 26개는 target_lag_1..24, hour_sin, hour_cos다.","kernel=linear, C=10, epsilon=0.02, X/y 표준화",33240,1451.14546935753,1059.146482575227,0.9831064008169496,1802.6645219775232,1101.9490849213062,0.9571234013882804
T1_group__server_power__P,서버 전원,SVR,"SVR (linear, C=10, ε=0.1)","linear, C=10, ε=0.1","한 시점의 입력을 26개 숫자 컬럼으로 펼친다. 26개는 target_lag_1..24, hour_sin, hour_cos다.","kernel=linear, C=10, epsilon=0.1, X/y 표준화",33240,1451.3290443792148,1077.1128196320064,0.9831021263468004,1791.92447095716,1129.4293783900496,0.9576327863121776
T1_group__server_power__P,서버 전원,SVR,"SVR (RBF, s=8,000, C=1, ε=0.02)","RBF, sample=8,000, C=1, ε=0.02","한 시점의 입력을 26개 숫자 컬럼으로 펼친다. 26개는 target_lag_1..24, hour_sin, hour_cos다.","kernel=RBF, C=1, epsilon=0.02, gamma=scale, 학습 표본=8,000, X/y 표준화",8000,1491.4593641654274,1102.1184369071668,0.9821547294832368,2674.515949197514,1432.3675451610754,0.9056198014221774
T1_group__server_power__P,서버 전원,SVR,"SVR (RBF, s=8,000, C=1, ε=0.05)","RBF, sample=8,000, C=1, ε=0.05","한 시점의 입력을 26개 숫자 컬럼으로 펼친다. 26개는 target_lag_1..24, hour_sin, hour_cos다.","kernel=RBF, C=1, epsilon=0.05, gamma=scale, 학습 표본=8,000, X/y 표준화",8000,1496.0954247906004,1100.7400303266113,0.9820436163816592,2681.1241579625944,1453.1338747712248,0.9051528350115398
T1_group__server_power__P,서버 전원,SVR,"SVR (RBF, s=8,000, C=2, ε=0.02)","RBF, sample=8,000, C=2, ε=0.02","한 시점의 입력을 26개 숫자 컬럼으로 펼친다. 26개는 target_lag_1..24, hour_sin, hour_cos다.","kernel=RBF, C=2, epsilon=0.02, gamma=scale, 학습 표본=8,000, X/y 표준화",8000,1504.4123852307978,1125.450135602133,0.9818434184055496,2401.31894149197,1396.5619205882213,0.9239165503031268
T1_group__server_power__P,서버 전원,SVR,"SVR (RBF, s=8,000, C=1, ε=0.1)","RBF, sample=8,000, C=1, ε=0.1","한 시점의 입력을 26개 숫자 컬럼으로 펼친다. 26개는 target_lag_1..24, hour_sin, hour_cos다.","kernel=RBF, C=1, epsilon=0.1, gamma=scale, 학습 표본=8,000, X/y 표준화",8000,1506.389438580253,1129.5913961666597,0.9817956653853313,2660.4991728373648,1459.4610076279962,0.906606476824595
T1_group__server_power__P,서버 전원,SVR,"SVR (RBF, s=8,000, C=2, ε=0.05)","RBF, sample=8,000, C=2, ε=0.05","한 시점의 입력을 26개 숫자 컬럼으로 펼친다. 26개는 target_lag_1..24, hour_sin, hour_cos다.","kernel=RBF, C=2, epsilon=0.05, gamma=scale, 학습 표본=8,000, X/y 표준화",8000,1508.5102924903492,1131.6616975072543,0.98174436933667,2416.6159918647104,1409.6734832110942,0.9229441185537636
T1_group__server_power__P,서버 전원,SVR,"SVR (RBF, s=8,000, C=0.5, ε=0.05)","RBF, sample=8,000, C=0.5, ε=0.05","한 시점의 입력을 26개 숫자 컬럼으로 펼친다. 26개는 target_lag_1..24, hour_sin, hour_cos다.","kernel=RBF, C=0.5, epsilon=0.05, gamma=scale, 학습 표본=8,000, X/y 표준화",8000,1529.3061403786014,1097.6402749664996,0.9812375671913776,3119.2384668677955,1546.4463097242265,0.8716228711321227
T1_group__server_power__P,서버 전원,SVR,"SVR (RBF, s=8,000, C=0.5, ε=0.02)","RBF, sample=8,000, C=0.5, ε=0.02","한 시점의 입력을 26개 숫자 컬럼으로 펼친다. 26개는 target_lag_1..24, hour_sin, hour_cos다.","kernel=RBF, C=0.5, epsilon=0.02, gamma=scale, 학습 표본=8,000, X/y 표준화",8000,1529.4373789116344,1101.5843919178951,0.9812343468292182,3121.950876827929,1551.7256556691575,0.8713995071254537
T1_group__server_power__P,서버 전원,SVR,"SVR (RBF, s=8,000, C=2, ε=0.1)","RBF, sample=8,000, C=2, ε=0.1","한 시점의 입력을 26개 숫자 컬럼으로 펼친다. 26개는 target_lag_1..24, hour_sin, hour_cos다.","kernel=RBF, C=2, epsilon=0.1, gamma=scale, 학습 표본=8,000, X/y 표준화",8000,1530.3081272109653,1158.282356766004,0.9812129732022258,2413.854244959786,1422.6511500443005,0.9231201392721188
T1_group__server_power__P,서버 전원,SVR,"SVR (RBF, s=8,000, C=0.5, ε=0.1)","RBF, sample=8,000, C=0.5, ε=0.1","한 시점의 입력을 26개 숫자 컬럼으로 펼친다. 26개는 target_lag_1..24, hour_sin, hour_cos다.","kernel=RBF, C=0.5, epsilon=0.1, gamma=scale, 학습 표본=8,000, X/y 표준화",8000,1549.8546970881512,1132.6274116954849,0.980729976109436,3148.8894123179102,1609.9808194482582,0.8691706089732913
T1_group__server_power__P,서버 전원,SVR,"SVR (RBF, s=16,000, C=1, ε=0.1)","RBF, sample=16,000, C=1, ε=0.1","한 시점의 입력을 26개 숫자 컬럼으로 펼친다. 26개는 target_lag_1..24, hour_sin, hour_cos다.","kernel=RBF, C=1, epsilon=0.1, gamma=scale, 학습 표본=16,000, X/y 표준화",16000,1573.474329062915,1194.8283835607217,0.9801381540497368,2339.1638676633497,1404.3105467071805,0.9278042227373094
T1_group__server_power__P,서버 전원,SVR,"SVR (RBF, s=16,000, C=1, ε=0.02)","RBF, sample=16,000, C=1, ε=0.02","한 시점의 입력을 26개 숫자 컬럼으로 펼친다. 26개는 target_lag_1..24, hour_sin, hour_cos다.","kernel=RBF, C=1, epsilon=0.02, gamma=scale, 학습 표본=16,000, X/y 표준화",16000,1575.915888875321,1183.3550940690222,0.9800764669818872,2325.8598162490307,1381.4308746792265,0.9286231178328676
T1_group__server_power__P,서버 전원,SVR,"SVR (RBF, s=16,000, C=1, ε=0.05)","RBF, sample=16,000, C=1, ε=0.05","한 시점의 입력을 26개 숫자 컬럼으로 펼친다. 26개는 target_lag_1..24, hour_sin, hour_cos다.","kernel=RBF, C=1, epsilon=0.05, gamma=scale, 학습 표본=16,000, X/y 표준화",16000,1575.9517034664102,1186.2052098381414,0.9800755613989164,2349.0055605325724,1407.6408113433256,0.9271954382059672
T1_group__server_power__P,서버 전원,SVR,"SVR (RBF, s=8,000, C=5, ε=0.02)","RBF, sample=8,000, C=5, ε=0.02","한 시점의 입력을 26개 숫자 컬럼으로 펼친다. 26개는 target_lag_1..24, hour_sin, hour_cos다.","kernel=RBF, C=5, epsilon=0.02, gamma=scale, 학습 표본=8,000, X/y 표준화",8000,1621.6333604066103,1218.460262960977,0.9789037324029854,2449.330049827912,1469.2704628723732,0.9208437659469496
T1_group__server_power__P,서버 전원,SVR,"SVR (RBF, s=16,000, C=2, ε=0.02)","RBF, sample=16,000, C=2, ε=0.02","한 시점의 입력을 26개 숫자 컬럼으로 펼친다. 26개는 target_lag_1..24, hour_sin, hour_cos다.","kernel=RBF, C=2, epsilon=0.02, gamma=scale, 학습 표본=16,000, X/y 표준화",16000,1628.043011230801,1223.306499134134,0.9787366330495896,2319.028168356833,1412.233877157264,0.929041806515699
T1_group__server_power__P,서버 전원,SVR,"SVR (RBF, s=8,000, C=5, ε=0.1)","RBF, sample=8,000, C=5, ε=0.1","한 시점의 입력을 26개 숫자 컬럼으로 펼친다. 26개는 target_lag_1..24, hour_sin, hour_cos다.","kernel=RBF, C=5, epsilon=0.1, gamma=scale, 학습 표본=8,000, X/y 표준화",8000,1630.9958512853127,1229.8397645647783,0.9786594308368703,2467.3663742089784,1491.3841329207858,0.9196736957053352
T1_group__server_power__P,서버 전원,SVR,"SVR (RBF, s=8,000, C=5, ε=0.05)","RBF, sample=8,000, C=5, ε=0.05","한 시점의 입력을 26개 숫자 컬럼으로 펼친다. 26개는 target_lag_1..24, hour_sin, hour_cos다.","kernel=RBF, C=5, epsilon=0.05, gamma=scale, 학습 표본=8,000, X/y 표준화",8000,1635.8672960841652,1234.670192756491,0.9785317607914644,2464.3372021390705,1483.8202605391457,0.919870806955072
T1_group__central_cooling__P,중앙 냉방,SVR,"SVR (linear, C=10, ε=0.1)","linear, C=10, ε=0.1","한 시점의 입력을 26개 숫자 컬럼으로 펼친다. 26개는 target_lag_1..24, hour_sin, hour_cos다.","kernel=linear, C=10, epsilon=0.1, X/y 표준화",33240,7630.314428145278,3391.83691982713,0.8842127966507946,5333.52011171502,2881.0820664920966,0.8983614811001728
T1_group__central_cooling__P,중앙 냉방,SVR,"SVR (linear, C=0.1, ε=0.1)","linear, C=0.1, ε=0.1","한 시점의 입력을 26개 숫자 컬럼으로 펼친다. 26개는 target_lag_1..24, hour_sin, hour_cos다.","kernel=linear, C=0.1, epsilon=0.1, X/y 표준화",33240,7632.370566453097,3393.1742220406227,0.8841503859641753,5333.5951542744015,2883.4235559632966,0.8983586209747443
T1_group__central_cooling__P,중앙 냉방,SVR,"SVR (linear, C=1, ε=0.1)","linear, C=1, ε=0.1","한 시점의 입력을 26개 숫자 컬럼으로 펼친다. 26개는 target_lag_1..24, hour_sin, hour_cos다.","kernel=linear, C=1, epsilon=0.1, X/y 표준화",33240,7633.510499940146,3393.1536548579825,0.8841157779180034,5333.918492269281,2882.7368370125414,0.898346297011297
T1_group__central_cooling__P,중앙 냉방,SVR,"SVR (linear, C=1, ε=0.05)","linear, C=1, ε=0.05","한 시점의 입력을 26개 숫자 컬럼으로 펼친다. 26개는 target_lag_1..24, hour_sin, hour_cos다.","kernel=linear, C=1, epsilon=0.05, X/y 표준화",33240,7706.174560174306,3371.0735079626925,0.8818990530187404,5394.278696785893,2869.0670667703307,0.8960325924450417
T1_group__central_cooling__P,중앙 냉방,SVR,"SVR (linear, C=0.1, ε=0.05)","linear, C=0.1, ε=0.05","한 시점의 입력을 26개 숫자 컬럼으로 펼친다. 26개는 target_lag_1..24, hour_sin, hour_cos다.","kernel=linear, C=0.1, epsilon=0.05, X/y 표준화",33240,7708.189439004065,3371.235716644081,0.8818372869103484,5397.083225596929,2870.785002903641,0.8959244573620859
T1_group__central_cooling__P,중앙 냉방,SVR,"SVR (linear, C=10, ε=0.05)","linear, C=10, ε=0.05","한 시점의 입력을 26개 숫자 컬럼으로 펼친다. 26개는 target_lag_1..24, hour_sin, hour_cos다.","kernel=linear, C=10, epsilon=0.05, X/y 표준화",33240,7714.763788243565,3376.6496174563254,0.8816356379406394,5398.228199037594,2878.276712558365,0.8958802941104709
T1_group__central_cooling__P,중앙 냉방,SVR,"SVR (RBF, s=16,000, C=5, ε=0.1)","RBF, sample=16,000, C=5, ε=0.1","한 시점의 입력을 26개 숫자 컬럼으로 펼친다. 26개는 target_lag_1..24, hour_sin, hour_cos다.","kernel=RBF, C=5, epsilon=0.1, gamma=scale, 학습 표본=16,000, X/y 표준화",16000,7732.495014938741,3420.8527002188875,0.881090927248372,5172.5471087417645,2711.991800911744,0.9044040787131318
T1_group__central_cooling__P,중앙 냉방,SVR,"SVR (linear, C=1, ε=0.02)","linear, C=1, ε=0.02","한 시점의 입력을 26개 숫자 컬럼으로 펼친다. 26개는 target_lag_1..24, hour_sin, hour_cos다.","kernel=linear, C=1, epsilon=0.02, X/y 표준화",33240,7743.1194910803215,3368.499977291951,0.8807639397687991,5426.572611405042,2866.7205721118667,0.8947840233650691
T1_group__central_cooling__P,중앙 냉방,SVR,"SVR (linear, C=10, ε=0.02)","linear, C=10, ε=0.02","한 시점의 입력을 26개 숫자 컬럼으로 펼친다. 26개는 target_lag_1..24, hour_sin, hour_cos다.","kernel=linear, C=10, epsilon=0.02, X/y 표준화",33240,7743.522403607716,3369.4269997441947,0.880751530570578,5425.447616439408,2866.5619151338874,0.8948276439642884
T1_group__central_cooling__P,중앙 냉방,SVR,"SVR (linear, C=0.1, ε=0.02)","linear, C=0.1, ε=0.02","한 시점의 입력을 26개 숫자 컬럼으로 펼친다. 26개는 target_lag_1..24, hour_sin, hour_cos다.","kernel=linear, C=0.1, epsilon=0.02, X/y 표준화",33240,7750.703055443586,3368.131599521019,0.8805302672446838,5434.23206082468,2868.6063411395235,0.8944867951664897
T1_group__central_cooling__P,중앙 냉방,SVR,"SVR (RBF, s=16,000, C=5, ε=0.05)","RBF, sample=16,000, C=5, ε=0.05","한 시점의 입력을 26개 숫자 컬럼으로 펼친다. 26개는 target_lag_1..24, hour_sin, hour_cos다.","kernel=RBF, C=5, epsilon=0.05, gamma=scale, 학습 표본=16,000, X/y 표준화",16000,7776.637072649975,3392.852179686676,0.8797294331469457,5188.819830613857,2691.3346711095905,0.903801647161443
T1_group__central_cooling__P,중앙 냉방,SVR,"SVR (RBF, s=16,000, C=5, ε=0.02)","RBF, sample=16,000, C=5, ε=0.02","한 시점의 입력을 26개 숫자 컬럼으로 펼친다. 26개는 target_lag_1..24, hour_sin, hour_cos다.","kernel=RBF, C=5, epsilon=0.02, gamma=scale, 학습 표본=16,000, X/y 표준화",16000,7791.675654847197,3386.651184602758,0.8792638211777595,5203.629004425046,2684.38540654357,0.9032517529107692
T1_group__central_cooling__P,중앙 냉방,SVR,"SVR (RBF, s=16,000, C=2, ε=0.1)","RBF, sample=16,000, C=2, ε=0.1","한 시점의 입력을 26개 숫자 컬럼으로 펼친다. 26개는 target_lag_1..24, hour_sin, hour_cos다.","kernel=RBF, C=2, epsilon=0.1, gamma=scale, 학습 표본=16,000, X/y 표준화",16000,7922.835964194834,3420.647663712333,0.8751648108189358,5134.747342818664,2680.104354722284,0.905796158882778
T1_group__central_cooling__P,중앙 냉방,SVR,"SVR (RBF, s=8,000, C=5, ε=0.1)","RBF, sample=8,000, C=5, ε=0.1","한 시점의 입력을 26개 숫자 컬럼으로 펼친다. 26개는 target_lag_1..24, hour_sin, hour_cos다.","kernel=RBF, C=5, epsilon=0.1, gamma=scale, 학습 표본=8,000, X/y 표준화",8000,8339.783251528872,3650.7550964815887,0.8616799229026578,5292.365573698369,2791.0806199590065,0.8999239569875164
T1_group__central_cooling__P,중앙 냉방,SVR,"SVR (RBF, s=8,000, C=5, ε=0.05)","RBF, sample=8,000, C=5, ε=0.05","한 시점의 입력을 26개 숫자 컬럼으로 펼친다. 26개는 target_lag_1..24, hour_sin, hour_cos다.","kernel=RBF, C=5, epsilon=0.05, gamma=scale, 학습 표본=8,000, X/y 표준화",8000,8367.335849103385,3614.005344811864,0.860764461975688,5316.801441838743,2768.897492653852,0.8989976829040311
T1_group__central_cooling__P,중앙 냉방,SVR,"SVR (RBF, s=8,000, C=5, ε=0.02)","RBF, sample=8,000, C=5, ε=0.02","한 시점의 입력을 26개 숫자 컬럼으로 펼친다. 26개는 target_lag_1..24, hour_sin, hour_cos다.","kernel=RBF, C=5, epsilon=0.02, gamma=scale, 학습 표본=8,000, X/y 표준화",8000,8387.343219388424,3601.5269374314908,0.8600978059353205,5321.473063055215,2749.641007436049,0.8988201130375083
T1_group__central_cooling__P,중앙 냉방,SVR,"SVR (RBF, s=8,000, C=2, ε=0.1)","RBF, sample=8,000, C=2, ε=0.1","한 시점의 입력을 26개 숫자 컬럼으로 펼친다. 26개는 target_lag_1..24, hour_sin, hour_cos다.","kernel=RBF, C=2, epsilon=0.1, gamma=scale, 학습 표본=8,000, X/y 표준화",8000,8656.273337695111,3685.32118859806,0.850982381545774,5235.139485830336,2748.781083180966,0.9020764907387429
T1_group__central_cooling__P,중앙 냉방,SVR,"SVR (RBF, s=8,000, C=2, ε=0.05)","RBF, sample=8,000, C=2, ε=0.05","한 시점의 입력을 26개 숫자 컬럼으로 펼친다. 26개는 target_lag_1..24, hour_sin, hour_cos다.","kernel=RBF, C=2, epsilon=0.05, gamma=scale, 학습 표본=8,000, X/y 표준화",8000,8680.851138292635,3646.934536389192,0.8501349672643371,5258.471951241735,2736.192413020068,0.901201676056698
T1_group__central_cooling__P,중앙 냉방,SVR,"SVR (RBF, s=8,000, C=2, ε=0.02)","RBF, sample=8,000, C=2, ε=0.02","한 시점의 입력을 26개 숫자 컬럼으로 펼친다. 26개는 target_lag_1..24, hour_sin, hour_cos다.","kernel=RBF, C=2, epsilon=0.02, gamma=scale, 학습 표본=8,000, X/y 표준화",8000,8721.438793818761,3636.275687409017,0.8487302915920473,5273.87307950643,2725.637750199772,0.9006221031581176
T1_group__central_cooling__P,중앙 냉방,SVR,"SVR (RBF, s=8,000, C=1, ε=0.1)","RBF, sample=8,000, C=1, ε=0.1","한 시점의 입력을 26개 숫자 컬럼으로 펼친다. 26개는 target_lag_1..24, hour_sin, hour_cos다.","kernel=RBF, C=1, epsilon=0.1, gamma=scale, 학습 표본=8,000, X/y 표준화",8000,9089.696879999909,3813.180459153814,0.8356860270220625,5266.637837222955,2765.657933368828,0.900894589786228
T1_group__central_cooling__P,중앙 냉방,SVR,"SVR (RBF, s=8,000, C=1, ε=0.05)","RBF, sample=8,000, C=1, ε=0.05","한 시점의 입력을 26개 숫자 컬럼으로 펼친다. 26개는 target_lag_1..24, hour_sin, hour_cos다.","kernel=RBF, C=1, epsilon=0.05, gamma=scale, 학습 표본=8,000, X/y 표준화",8000,9130.457741952005,3767.084404402786,0.834209058931514,5298.925270065872,2757.153535036931,0.899675721947374
T1_group__central_cooling__P,중앙 냉방,SVR,"SVR (RBF, s=8,000, C=1, ε=0.02)","RBF, sample=8,000, C=1, ε=0.02","한 시점의 입력을 26개 숫자 컬럼으로 펼친다. 26개는 target_lag_1..24, hour_sin, hour_cos다.","kernel=RBF, C=1, epsilon=0.02, gamma=scale, 학습 표본=8,000, X/y 표준화",8000,9145.370872269228,3744.551486039924,0.8336670311025901,5308.822824004292,2741.830182905117,0.8993005921792001
T1_group__central_cooling__P,중앙 냉방,SVR,"SVR (RBF, s=8,000, C=0.5, ε=0.1)","RBF, sample=8,000, C=0.5, ε=0.1","한 시점의 입력을 26개 숫자 컬럼으로 펼친다. 26개는 target_lag_1..24, hour_sin, hour_cos다.","kernel=RBF, C=0.5, epsilon=0.1, gamma=scale, 학습 표본=8,000, X/y 표준화",8000,9668.101920370493,4023.3748598223183,0.814109097787965,5379.137570650244,2816.5715324386624,0.8966154226779735
T1_group__central_cooling__P,중앙 냉방,SVR,"SVR (RBF, s=8,000, C=0.5, ε=0.05)","RBF, sample=8,000, C=0.5, ε=0.05","한 시점의 입력을 26개 숫자 컬럼으로 펼친다. 26개는 target_lag_1..24, hour_sin, hour_cos다.","kernel=RBF, C=0.5, epsilon=0.05, gamma=scale, 학습 표본=8,000, X/y 표준화",8000,9743.52395917004,3984.909117818697,0.8111974698647301,5398.8129721664845,2799.318244796425,0.8958577349663355
T1_group__central_cooling__P,중앙 냉방,SVR,"SVR (RBF, s=8,000, C=0.5, ε=0.02)","RBF, sample=8,000, C=0.5, ε=0.02","한 시점의 입력을 26개 숫자 컬럼으로 펼친다. 26개는 target_lag_1..24, hour_sin, hour_cos다.","kernel=RBF, C=0.5, epsilon=0.02, gamma=scale, 학습 표본=8,000, X/y 표준화",8000,9764.0565430214,3959.778074682385,0.8104009021357873,5396.45802026708,2779.5738659130675,0.895948568465224
T1_group__ventilation__P,환기 계통,SVR,"SVR (RBF, s=8,000, C=5, ε=0.02)","RBF, sample=8,000, C=5, ε=0.02","한 시점의 입력을 26개 숫자 컬럼으로 펼친다. 26개는 target_lag_1..24, hour_sin, hour_cos다.","kernel=RBF, C=5, epsilon=0.02, gamma=scale, 학습 표본=8,000, X/y 표준화",8000,3508.8852341718607,1490.9379250193836,0.9661242876361152,4241.359205457875,2416.275025563179,0.9312330877258636
T1_group__ventilation__P,환기 계통,SVR,"SVR (RBF, s=8,000, C=5, ε=0.05)","RBF, sample=8,000, C=5, ε=0.05","한 시점의 입력을 26개 숫자 컬럼으로 펼친다. 26개는 target_lag_1..24, hour_sin, hour_cos다.","kernel=RBF, C=5, epsilon=0.05, gamma=scale, 학습 표본=8,000, X/y 표준화",8000,3518.4827291697998,1610.77247752118,0.9659387206570376,4286.935470380551,2540.1820572944066,0.9297472535497362
T1_group__ventilation__P,환기 계통,SVR,"SVR (RBF, s=16,000, C=5, ε=0.02)","RBF, sample=16,000, C=5, ε=0.02","한 시점의 입력을 26개 숫자 컬럼으로 펼친다. 26개는 target_lag_1..24, hour_sin, hour_cos다.","kernel=RBF, C=5, epsilon=0.02, gamma=scale, 학습 표본=16,000, X/y 표준화",16000,3521.8475296794427,1448.5868843857054,0.9658735424420868,4273.213045233683,2386.6432983396603,0.9301962899882302
T1_group__ventilation__P,환기 계통,SVR,"SVR (RBF, s=16,000, C=2, ε=0.02)","RBF, sample=16,000, C=2, ε=0.02","한 시점의 입력을 26개 숫자 컬럼으로 펼친다. 26개는 target_lag_1..24, hour_sin, hour_cos다.","kernel=RBF, C=2, epsilon=0.02, gamma=scale, 학습 표본=16,000, X/y 표준화",16000,3538.9706987547725,1486.0742169647033,0.9655408910960448,4205.258731300906,2381.8689235075663,0.9323987296819316
T1_group__ventilation__P,환기 계통,SVR,"SVR (RBF, s=16,000, C=5, ε=0.05)","RBF, sample=16,000, C=5, ε=0.05","한 시점의 입력을 26개 숫자 컬럼으로 펼친다. 26개는 target_lag_1..24, hour_sin, hour_cos다.","kernel=RBF, C=5, epsilon=0.05, gamma=scale, 학습 표본=16,000, X/y 표준화",16000,3541.697834842721,1551.501170263551,0.9654877621520852,4328.682271770798,2529.495005771523,0.928372328443546
T1_group__ventilation__P,환기 계통,SVR,"SVR (RBF, s=16,000, C=5, ε=0.1)","RBF, sample=16,000, C=5, ε=0.1","한 시점의 입력을 26개 숫자 컬럼으로 펼친다. 26개는 target_lag_1..24, hour_sin, hour_cos다.","kernel=RBF, C=5, epsilon=0.1, gamma=scale, 학습 표본=16,000, X/y 표준화",16000,3542.3420362229926,1758.601505999378,0.9654752061101722,4418.482368437414,2760.6664728121204,0.9253696175490372
T1_group__ventilation__P,환기 계통,SVR,"SVR (RBF, s=8,000, C=5, ε=0.1)","RBF, sample=8,000, C=5, ε=0.1","한 시점의 입력을 26개 숫자 컬럼으로 펼친다. 26개는 target_lag_1..24, hour_sin, hour_cos다.","kernel=RBF, C=5, epsilon=0.1, gamma=scale, 학습 표본=8,000, X/y 표준화",8000,3568.07662865379,1906.558784977172,0.96497174888672,4370.9990495235215,2762.812374051649,0.9269650327801956
T1_group__ventilation__P,환기 계통,SVR,"SVR (RBF, s=8,000, C=2, ε=0.02)","RBF, sample=8,000, C=2, ε=0.02","한 시점의 입력을 26개 숫자 컬럼으로 펼친다. 26개는 target_lag_1..24, hour_sin, hour_cos다.","kernel=RBF, C=2, epsilon=0.02, gamma=scale, 학습 표본=8,000, X/y 표준화",8000,3576.3677104357025,1550.1406003069608,0.9648087705936654,4160.501597717224,2387.253712951398,0.9338300508617834
T1_group__ventilation__P,환기 계통,SVR,"SVR (RBF, s=8,000, C=2, ε=0.05)","RBF, sample=8,000, C=2, ε=0.05","한 시점의 입력을 26개 숫자 컬럼으로 펼친다. 26개는 target_lag_1..24, hour_sin, hour_cos다.","kernel=RBF, C=2, epsilon=0.05, gamma=scale, 학습 표본=8,000, X/y 표준화",8000,3588.8169152140827,1675.2420441734375,0.9645633454211224,4211.073464584972,2509.1684243879017,0.9322116519558844
T1_group__ventilation__P,환기 계통,SVR,"SVR (RBF, s=8,000, C=2, ε=0.1)","RBF, sample=8,000, C=2, ε=0.1","한 시점의 입력을 26개 숫자 컬럼으로 펼친다. 26개는 target_lag_1..24, hour_sin, hour_cos다.","kernel=RBF, C=2, epsilon=0.1, gamma=scale, 학습 표본=8,000, X/y 표준화",8000,3623.093883437,1962.439392084111,0.9638831983108844,4278.594262404243,2693.985043639508,0.9300203729759504
T1_group__ventilation__P,환기 계통,SVR,"SVR (RBF, s=8,000, C=1, ε=0.02)","RBF, sample=8,000, C=1, ε=0.02","한 시점의 입력을 26개 숫자 컬럼으로 펼친다. 26개는 target_lag_1..24, hour_sin, hour_cos다.","kernel=RBF, C=1, epsilon=0.02, gamma=scale, 학습 표본=8,000, X/y 표준화",8000,3626.239319272663,1607.083908325093,0.9638204605519678,4099.788812483564,2358.789702992555,0.935747151393562
T1_group__ventilation__P,환기 계통,SVR,"SVR (RBF, s=8,000, C=1, ε=0.05)","RBF, sample=8,000, C=1, ε=0.05","한 시점의 입력을 26개 숫자 컬럼으로 펼친다. 26개는 target_lag_1..24, hour_sin, hour_cos다.","kernel=RBF, C=1, epsilon=0.05, gamma=scale, 학습 표본=8,000, X/y 표준화",8000,3646.385819064499,1739.3458735956349,0.9634173344535476,4156.364236354798,2480.1755934673565,0.9339615892647052
T1_group__ventilation__P,환기 계통,SVR,"SVR (RBF, s=8,000, C=1, ε=0.1)","RBF, sample=8,000, C=1, ε=0.1","한 시점의 입력을 26개 숫자 컬럼으로 펼친다. 26개는 target_lag_1..24, hour_sin, hour_cos다.","kernel=RBF, C=1, epsilon=0.1, gamma=scale, 학습 표본=8,000, X/y 표준화",8000,3665.732302983211,1992.8826474187235,0.9630281142691502,4206.178189009384,2641.183223769409,0.9323691651256624
T1_group__ventilation__P,환기 계통,SVR,"SVR (RBF, s=8,000, C=0.5, ε=0.02)","RBF, sample=8,000, C=0.5, ε=0.02","한 시점의 입력을 26개 숫자 컬럼으로 펼친다. 26개는 target_lag_1..24, hour_sin, hour_cos다.","kernel=RBF, C=0.5, epsilon=0.02, gamma=scale, 학습 표본=8,000, X/y 표준화",8000,3677.753610441991,1682.2998300294137,0.9627852273759056,3979.806656070344,2283.3951673050788,0.9394528977874788
T1_group__ventilation__P,환기 계통,SVR,"SVR (RBF, s=8,000, C=0.5, ε=0.1)","RBF, sample=8,000, C=0.5, ε=0.1","한 시점의 입력을 26개 숫자 컬럼으로 펼친다. 26개는 target_lag_1..24, hour_sin, hour_cos다.","kernel=RBF, C=0.5, epsilon=0.1, gamma=scale, 학습 표본=8,000, X/y 표준화",8000,3743.783080763381,2068.558065538786,0.9614369421949446,4165.174747468036,2626.421043658488,0.9336813208416432
T1_group__ventilation__P,환기 계통,SVR,"SVR (RBF, s=8,000, C=0.5, ε=0.05)","RBF, sample=8,000, C=0.5, ε=0.05","한 시점의 입력을 26개 숫자 컬럼으로 펼친다. 26개는 target_lag_1..24, hour_sin, hour_cos다.","kernel=RBF, C=0.5, epsilon=0.05, gamma=scale, 학습 표본=8,000, X/y 표준화",8000,3745.182960808475,1841.2003203355189,0.9614080977096996,4114.228508803102,2459.421471916848,0.9352937497515418
T1_group__ventilation__P,환기 계통,SVR,"SVR (linear, C=1, ε=0.1)","linear, C=1, ε=0.1","한 시점의 입력을 26개 숫자 컬럼으로 펼친다. 26개는 target_lag_1..24, hour_sin, hour_cos다.","kernel=linear, C=1, epsilon=0.1, X/y 표준화",33240,6548.104680139017,3025.857490057037,0.8820273497292095,5529.502712877168,2601.6803652912345,0.883119633291394
T1_group__ventilation__P,환기 계통,SVR,"SVR (linear, C=0.1, ε=0.1)","linear, C=0.1, ε=0.1","한 시점의 입력을 26개 숫자 컬럼으로 펼친다. 26개는 target_lag_1..24, hour_sin, hour_cos다.","kernel=linear, C=0.1, epsilon=0.1, X/y 표준화",33240,6548.97287116194,3022.6254740501317,0.8819960644670259,5528.666087353996,2597.4849788752226,0.8831549991119665
T1_group__ventilation__P,환기 계통,SVR,"SVR (linear, C=10, ε=0.1)","linear, C=10, ε=0.1","한 시점의 입력을 26개 숫자 컬럼으로 펼친다. 26개는 target_lag_1..24, hour_sin, hour_cos다.","kernel=linear, C=10, epsilon=0.1, X/y 표준화",33240,6557.45745865094,3024.9794049439133,0.8816901040357741,5535.598189267488,2601.8869783861346,0.8828618038862542
T1_group__ventilation__P,환기 계통,SVR,"SVR (linear, C=10, ε=0.05)","linear, C=10, ε=0.05","한 시점의 입력을 26개 숫자 컬럼으로 펼친다. 26개는 target_lag_1..24, hour_sin, hour_cos다.","kernel=linear, C=10, epsilon=0.05, X/y 표준화",33240,6808.627548667667,2828.2092096700926,0.8724532889600316,5691.73441901847,2357.041504841853,0.8761606484531856
T1_group__ventilation__P,환기 계통,SVR,"SVR (linear, C=0.1, ε=0.05)","linear, C=0.1, ε=0.05","한 시점의 입력을 26개 숫자 컬럼으로 펼친다. 26개는 target_lag_1..24, hour_sin, hour_cos다.","kernel=linear, C=0.1, epsilon=0.05, X/y 표준화",33240,6830.621511149953,2812.709611421197,0.8716279277605992,5709.375166160616,2344.755944982546,0.8753918128089979
T1_group__ventilation__P,환기 계통,SVR,"SVR (linear, C=1, ε=0.05)","linear, C=1, ε=0.05","한 시점의 입력을 26개 숫자 컬럼으로 펼친다. 26개는 target_lag_1..24, hour_sin, hour_cos다.","kernel=linear, C=1, epsilon=0.05, X/y 표준화",33240,6832.171134554496,2813.015468830441,0.8715696751016959,5710.687747710609,2345.504527600706,0.8753345115444255
T1_group__ventilation__P,환기 계통,SVR,"SVR (linear, C=10, ε=0.02)","linear, C=10, ε=0.02","한 시점의 입력을 26개 숫자 컬럼으로 펼친다. 26개는 target_lag_1..24, hour_sin, hour_cos다.","kernel=linear, C=10, epsilon=0.02, X/y 표준화",33240,7044.967117437155,2714.1608598231587,0.8634448606991162,5865.876507992512,2240.0974904443533,0.8684668423914967
T1_group__ventilation__P,환기 계통,SVR,"SVR (linear, C=0.1, ε=0.02)","linear, C=0.1, ε=0.02","한 시점의 입력을 26개 숫자 컬럼으로 펼친다. 26개는 target_lag_1..24, hour_sin, hour_cos다.","kernel=linear, C=0.1, epsilon=0.02, X/y 표준화",33240,7047.203174296041,2713.866396056248,0.8633581623487396,5866.711080002815,2240.3480398121264,0.8684294117702761
T1_group__ventilation__P,환기 계통,SVR,"SVR (linear, C=1, ε=0.02)","linear, C=1, ε=0.02","한 시점의 입력을 26개 숫자 컬럼으로 펼친다. 26개는 target_lag_1..24, hour_sin, hour_cos다.","kernel=linear, C=1, epsilon=0.02, X/y 표준화",33240,7053.537569096921,2712.914431619847,0.8631124102901147,5871.740913303422,2240.654834326945,0.8682037105877053
