모델군,모델명,설정,입력,학습 표본
LSTM,LSTM h32,"seq_len=24, hidden_size=32, layer=1, dropout=0, optimizer=AdamW, lr=0.001, batch_size=256, max_epoch=35, early_stop=5",이전 24시간 전력값 + 시간대 sin/cos,"33,240"
LSTM,LSTM h64,"seq_len=24, hidden_size=64, layer=1, dropout=0, optimizer=AdamW, lr=0.001, batch_size=256, max_epoch=35, early_stop=5",이전 24시간 전력값 + 시간대 sin/cos,"33,240"
SVR,SVR RBF C100_eps0.1,"kernel=RBF, C=100, epsilon=0.1, gamma=scale, StandardScaler, train_sample=8,000",target_lag_1..24 + 시간대 sin/cos,"8,000 / 33,240"
SVR,SVR RBF C10_eps0.01,"kernel=RBF, C=10, epsilon=0.01, gamma=scale, StandardScaler, train_sample=8,000",target_lag_1..24 + 시간대 sin/cos,"8,000 / 33,240"
SVR,SVR RBF C10_eps0.1,"kernel=RBF, C=10, epsilon=0.1, gamma=scale, StandardScaler, train_sample=8,000",target_lag_1..24 + 시간대 sin/cos,"8,000 / 33,240"
SVR,SVR RBF C1_eps0.1,"kernel=RBF, C=1, epsilon=0.1, gamma=scale, StandardScaler, train_sample=8,000",target_lag_1..24 + 시간대 sin/cos,"8,000 / 33,240"
XGBoost,XGBoost n300_depth3_lr0.06,"n_estimators=300, max_depth=3, learning_rate=0.06, subsample=0.9, colsample_bytree=0.9, tree_method=hist",target_lag_1..24 + 시간대 sin/cos,"33,240"
XGBoost,XGBoost n300_depth5_lr0.06,"n_estimators=300, max_depth=5, learning_rate=0.06, subsample=0.9, colsample_bytree=0.9, tree_method=hist",target_lag_1..24 + 시간대 sin/cos,"33,240"
XGBoost,XGBoost n500_depth3_lr0.03,"n_estimators=500, max_depth=3, learning_rate=0.03, subsample=0.9, colsample_bytree=0.9, tree_method=hist",target_lag_1..24 + 시간대 sin/cos,"33,240"
